frame_index,decode_kind,profile,payload_offset,vendor_id,product_id,usage_page,usage,source_report_id,payload_length,decoded_scan_time,decoded_contact_count,decoded_is_button_clicked,raw_scan_time,raw_contact_count,raw_is_button_clicked,contact_index,raw_contact_id,assigned_contact_id,raw_flags,assigned_flags,raw_x,raw_y,decoded_x,decoded_y,slot_offset,slot_hex
0,PtpNative,Official,0,0x004C,0x0324,0x00,0x00,0x05,50,57290,1,0,57290,1,0,0,0xD81C7A00,0x0000000B,0x0B,0x0B,530,768,3770,2386,1,0B007A1CD812020003
1,PtpNative,Official,0,0x004C,0x0324,0x00,0x00,0x05,50,57400,1,0,57400,1,0,0,0xDC1C6A00,0x0000000B,0x0B,0x0B,1554,768,3762,2388,1,0B006A1CDC12060003
2,PtpNative,Official,0,0x004C,0x0324,0x00,0x00,0x05,50,57510,1,0,57510,1,0,0,0xCE1C6C00,0x0000000B,0x0B,0x0B,1554,768,3763,2381,1,0B006C1CCE12060003
3,PtpNative,Official,0,0x004C,0x0324,0x00,0x00,0x05,50,57630,1,0,57630,1,0,0,0xCC1C6A00,0x0000000B,0x0B,0x0B,1554,768,3762,2380,1,0B006A1CCC12060003
4,PtpNative,Official,0,0x004C,0x0324,0x00,0x00,0x05,50,57740,1,0,57740,1,0,0,0xC81C6A00,0x0000000B,0x0B,0x0B,2578,768,3762,2378,1,0B006A1CC8120A0003
5,PtpNative,Official,0,0x004C,0x0324,0x00,0x00,0x05,50,57850,1,0,57850,1,0,0,0xC81C6A00,0x0000000B,0x0B,0x0B,3090,768,3762,2378,1,0B006A1CC8120C0003
6,PtpNative,Official,0,0x004C,0x0324,0x00,0x00,0x05,50,57960,1,0,57960,1,0,0,0xC61C6A00,0x0000000B,0x0B,0x0B,3602,768,3762,2377,1,0B006A1CC6120E0003
7,PtpNative,Official,0,0x004C,0x0324,0x00,0x00,0x05,50,58080,1,0,58080,1,0,0,0xC81C6800,0x0000000B,0x0B,0x0B,5138,768,3760,2378,1,0B00681CC812140003
8,PtpNative,Official,0,0x004C,0x0324,0x00,0x00,0x05,50,58190,1,0,58190,1,0,0,0xC61C6A00,0x0000000B,0x0B,0x0B,6674,768,3762,2377,1,0B006A1CC6121A0003
9,PtpNative,Official,0,0x004C,0x0324,0x00,0x00,0x05,50,58300,1,0,58300,1,0,0,0xC81C6A00,0x0000000B,0x0B,0x0B,8210,768,3762,2378,1,0B006A1CC812200003
10,PtpNative,Official,0,0x004C,0x0324,0x00,0x00,0x05,50,58410,1,0,58410,1,0,0,0xCA1C6E00,0x0000000B,0x0B,0x0B,10258,768,3764,2379,1,0B006E1CCA12280003
11,PtpNative,Official,0,0x004C,0x0324,0x00,0x00,0x05,50,58530,1,0,58530,1,0,0,0xCA1C6E00,0x0000000B,0x0B,0x0B,12306,768,3764,2379,1,0B006E1CCA12300003
12,PtpNative,Official,0,0x004C,0x0324,0x00,0x00,0x05,50,58640,1,0,58640,1,0,0,0xCC1C7200,0x0000000B,0x0B,0x0B,13842,768,3766,2380,1,0B00721CCC12360003
13,PtpNative,Official,0,0x004C,0x0324,0x00,0x00,0x05,50,58750,1,0,58750,1,0,0,0xCC1C7400,0x0000000B,0x0B,0x0B,16402,768,3767,2380,1,0B00741CCC12400003
14,PtpNative,Official,0,0x004C,0x0324,0x00,0x00,0x05,50,58860,1,0,58860,1,0,0,0xCC1C7600,0x0000000B,0x0B,0x0B,18962,768,3768,2380,1,0B00761CCC124A0003
15,PtpNative,Official,0,0x004C,0x0324,0x00,0x00,0x05,50,58980,1,0,58980,1,0,0,0xCC1C7800,0x0000000B,0x0B,0x0B,24082,768,3769,2380,1,0B00781CCC125E0003
16,PtpNative,Official,0,0x004C,0x0324,0x00,0x00,0x05,50,59090,1,1,59090,1,1,0,0xCC1C7800,0x0000000B,0x0B,0x0B,32274,768,3769,2380,1,0B00781CCC127E0003
17,PtpNative,Official,0,0x004C,0x0324,0x00,0x00,0x05,50,59200,1,1,59200,1,1,0,0xCA1C7800,0x0000000B,0x0B,0x0B,32274,768,3769,2379,1,0B00781CCA127E0003
18,PtpNative,Official,0,0x004C,0x0324,0x00,0x00,0x05,50,59310,1,1,59310,1,1,0,0xCC1C7800,0x0000000B,0x0B,0x0B,45074,768,3769,2380,1,0B00781CCC12B00003
19,PtpNative,Official,0,0x004C,0x0324,0x00,0x00,0x05,50,59430,1,1,59430,1,1,0,0xCA1C7600,0x0000000B,0x0B,0x0B,57874,768,3768,2379,1,0B00761CCA12E20003
20,PtpNative,Official,0,0x004C,0x0324,0x00,0x00,0x05,50,59540,1,1,59540,1,1,0,0xC81C7600,0x0000000B,0x0B,0x0B,786,769,3768,2378,1,0B00761CC812030103
21,PtpNative,Official,0,0x004C,0x0324,0x00,0x00,0x05,50,59650,1,1,59650,1,1,0,0xC61C7600,0x0000000B,0x0B,0x0B,5650,769,3768,2377,1,0B00761CC612160103
22,PtpNative,Official,0,0x004C,0x0324,0x00,0x00,0x05,50,59760,1,1,59760,1,1,0,0xC41C7600,0x0000000B,0x0B,0x0B,3602,769,3768,2376,1,0B00761CC4120E0103
23,PtpNative,Official,0,0x004C,0x0324,0x00,0x00,0x05,50,59880,1,1,59880,1,1,0,0xC21C7600,0x0000000B,0x0B,0x0B,57874,768,3768,2375,1,0B00761CC212E20003
24,PtpNative,Official,0,0x004C,0x0324,0x00,0x00,0x05,50,59990,1,1,59990,1,1,0,0xC01C7600,0x0000000B,0x0B,0x0B,44050,768,3768,2374,1,0B00761CC012AC0003
25,PtpNative,Official,0,0x004C,0x0324,0x00,0x00,0x05,50,60100,1,1,60100,1,1,0,0xC01C7600,0x0000000B,0x0B,0x0B,31762,768,3768,2374,1,0B00761CC0127C0003
26,PtpNative,Official,0,0x004C,0x0324,0x00,0x00,0x05,50,60210,1,1,60210,1,1,0,0xC01C7800,0x0000000B,0x0B,0x0B,21010,768,3769,2374,1,0B00781CC012520003
27,PtpNative,Official,0,0x004C,0x0324,0x00,0x00,0x05,50,60330,1,0,60330,1,0,0,0xC41C7E00,0x0000000B,0x0B,0x0B,13330,768,3772,2376,1,0B007E1CC412340003
28,PtpNative,Official,0,0x004C,0x0324,0x00,0x00,0x05,50,60440,1,0,60440,1,0,0,0xC61C8200,0x0000000B,0x0B,0x0B,13330,768,3774,2377,1,0B00821CC612340003
29,PtpNative,Official,0,0x004C,0x0324,0x00,0x00,0x05,50,60550,1,0,60550,1,0,0,0xC81C8600,0x0000000B,0x0B,0x0B,13330,768,3776,2378,1,0B00861CC812340003
30,PtpNative,Official,0,0x004C,0x0324,0x00,0x00,0x05,50,60660,1,0,60660,1,0,0,0xCC1C8800,0x0000000B,0x0B,0x0B,12818,768,3777,2380,1,0B00881CCC12320003
31,PtpNative,Official,0,0x004C,0x0324,0x00,0x00,0x05,50,60780,1,0,60780,1,0,0,0xCE1C8C00,0x0000000B,0x0B,0x0B,7698,768,3779,2381,1,0B008C1CCE121E0003
32,PtpNative,Official,0,0x004C,0x0324,0x00,0x00,0x05,50,60890,1,0,60890,1,0,0,0xD01C9000,0x0000000B,0x0B,0x0B,16914,768,3781,2382,1,0B00901CD012420003
33,PtpNative,Official,0,0x004C,0x0324,0x00,0x00,0x05,50,61000,1,0,61000,1,0,0,0xD21C9200,0x0000000B,0x0B,0x0B,29202,768,3782,2383,1,0B00921CD212720003
34,PtpNative,Official,0,0x004C,0x0324,0x00,0x00,0x05,50,61110,1,1,61110,1,1,0,0xD41C9600,0x0000000B,0x0B,0x0B,41490,768,3784,2384,1,0B00961CD412A20003
35,PtpNative,Official,0,0x004C,0x0324,0x00,0x00,0x05,50,61230,1,1,61230,1,1,0,0xD41C9600,0x0000000B,0x0B,0x0B,42514,768,3784,2384,1,0B00961CD412A60003
36,PtpNative,Official,0,0x004C,0x0324,0x00,0x00,0x05,50,61340,1,1,61340,1,1,0,0xD01C9400,0x0000000B,0x0B,0x0B,51218,768,3783,2382,1,0B00941CD012C80003
37,PtpNative,Official,0,0x004C,0x0324,0x00,0x00,0x05,50,61450,1,1,61450,1,1,0,0xCE1C9200,0x0000000B,0x0B,0x0B,57362,768,3782,2381,1,0B00921CCE12E00003
38,PtpNative,Official,0,0x004C,0x0324,0x00,0x00,0x05,50,61560,1,1,61560,1,1,0,0xCA1C9000,0x0000000B,0x0B,0x0B,58898,768,3781,2379,1,0B00901CCA12E60003
39,PtpNative,Official,0,0x004C,0x0324,0x00,0x00,0x05,50,61680,1,1,61680,1,1,0,0xC61C8C00,0x0000000B,0x0B,0x0B,58898,768,3779,2377,1,0B008C1CC612E60003
40,PtpNative,Official,0,0x004C,0x0324,0x00,0x00,0x05,50,61790,1,1,61790,1,1,0,0xC21C8800,0x0000000B,0x0B,0x0B,48658,768,3777,2375,1,0B00881CC212BE0003
41,PtpNative,Official,0,0x004C,0x0324,0x00,0x00,0x05,50,61900,1,1,61900,1,1,0,0xC01C8600,0x0000000B,0x0B,0x0B,37906,768,3776,2374,1,0B00861CC012940003
42,PtpNative,Official,0,0x004C,0x0324,0x00,0x00,0x05,50,62010,1,1,62010,1,1,0,0xBE1C8200,0x0000000B,0x0B,0x0B,30738,768,3774,2373,1,0B00821CBE12780003
43,PtpNative,Official,0,0x004C,0x0324,0x00,0x00,0x05,50,62130,1,1,62130,1,1,0,0xBA1C8000,0x0000000B,0x0B,0x0B,25106,768,3773,2371,1,0B00801CBA12620003
44,PtpNative,Official,0,0x004C,0x0324,0x00,0x00,0x05,50,62240,1,1,62240,1,1,0,0xB81C7E00,0x0000000B,0x0B,0x0B,21010,768,3772,2370,1,0B007E1CB812520003
45,PtpNative,Official,0,0x004C,0x0324,0x00,0x00,0x05,50,62350,1,0,62350,1,0,0,0xB41C7A00,0x0000000B,0x0B,0x0B,18450,768,3770,2368,1,0B007A1CB412480003
46,PtpNative,Official,0,0x004C,0x0324,0x00,0x00,0x05,50,62460,1,0,62460,1,0,0,0xB21C7800,0x0000000B,0x0B,0x0B,18450,768,3769,2367,1,0B00781CB212480003
47,PtpNative,Official,0,0x004C,0x0324,0x00,0x00,0x05,50,62580,1,0,62580,1,0,0,0xB21C7800,0x0000000B,0x0B,0x0B,18450,768,3769,2367,1,0B00781CB212480003
48,PtpNative,Official,0,0x004C,0x0324,0x00,0x00,0x05,50,62690,1,0,62690,1,0,0,0xB01C7600,0x0000000B,0x0B,0x0B,21522,768,3768,2366,1,0B00761CB012540003
49,PtpNative,Official,0,0x004C,0x0324,0x00,0x00,0x05,50,62800,1,0,62800,1,0,0,0xB01C7600,0x0000000B,0x0B,0x0B,31762,768,3768,2366,1,0B00761CB0127C0003
50,PtpNative,Official,0,0x004C,0x0324,0x00,0x00,0x05,50,62910,1,1,62910,1,1,0,0xB01C7800,0x0000000B,0x0B,0x0B,42514,768,3769,2366,1,0B00781CB012A60003
51,PtpNative,Official,0,0x004C,0x0324,0x00,0x00,0x05,50,63030,1,1,63030,1,1,0,0xB21C7800,0x0000000B,0x0B,0x0B,47122,768,3769,2367,1,0B00781CB212B80003
52,PtpNative,Official,0,0x004C,0x0324,0x00,0x00,0x05,50,63140,1,1,63140,1,1,0,0xB21C7800,0x0000000B,0x0B,0x0B,47122,768,3769,2367,1,0B00781CB212B80003
53,PtpNative,Official,0,0x004C,0x0324,0x00,0x00,0x05,50,63250,1,1,63250,1,1,0,0xB01C7600,0x0000000B,0x0B,0x0B,52754,768,3768,2366,1,0B00761CB012CE0003
54,PtpNative,Official,0,0x004C,0x0324,0x00,0x00,0x05,50,63360,1,1,63360,1,1,0,0xB01C7400,0x0000000B,0x0B,0x0B,55826,768,3767,2366,1,0B00741CB012DA0003
55,PtpNative,Official,0,0x004C,0x0324,0x00,0x00,0x05,50,63480,1,1,63480,1,1,0,0xAE1C7200,0x0000000B,0x0B,0x0B,60434,768,3766,2365,1,0B00721CAE12EC0003
56,PtpNative,Official,0,0x004C,0x0324,0x00,0x00,0x05,50,63590,1,1,63590,1,1,0,0xAE1C7000,0x0000000B,0x0B,0x0B,50194,768,3765,2365,1,0B00701CAE12C40003
57,PtpNative,Official,0,0x004C,0x0324,0x00,0x00,0x05,50,63700,1,1,63700,1,1,0,0xAC1C6E00,0x0000000B,0x0B,0x0B,40466,768,3764,2364,1,0B006E1CAC129E0003
58,PtpNative,Official,0,0x004C,0x0324,0x00,0x00,0x05,50,63810,1,1,63810,1,1,0,0xAA1C6C00,0x0000000B,0x0B,0x0B,30226,768,3763,2363,1,0B006C1CAA12760003
59,PtpNative,Official,0,0x004C,0x0324,0x00,0x00,0x05,50,63930,1,1,63930,1,1,0,0xA81C6A00,0x0000000B,0x0B,0x0B,22034,768,3762,2362,1,0B006A1CA812560003
60,PtpNative,Official,0,0x004C,0x0324,0x00,0x00,0x05,50,64040,1,0,64040,1,0,0,0xA61C6A00,0x0000000B,0x0B,0x0B,15890,768,3762,2361,1,0B006A1CA6123E0003
61,PtpNative,Official,0,0x004C,0x0324,0x00,0x00,0x05,50,64150,1,0,64150,1,0,0,0xA21C6C00,0x0000000B,0x0B,0x0B,15890,768,3763,2359,1,0B006C1CA2123E0003
62,PtpNative,Official,0,0x004C,0x0324,0x00,0x00,0x05,50,64260,1,0,64260,1,0,0,0xA01C6E00,0x0000000B,0x0B,0x0B,15890,768,3764,2358,1,0B006E1CA0123E0003
63,PtpNative,Official,0,0x004C,0x0324,0x00,0x00,0x05,50,64380,1,0,64380,1,0,0,0x9E1C7000,0x0000000B,0x0B,0x0B,12818,768,3765,2357,1,0B00701C9E12320003
64,PtpNative,Official,0,0x004C,0x0324,0x00,0x00,0x05,50,64490,1,0,64490,1,0,0,0x9A1C7200,0x0000000B,0x0B,0x0B,9746,768,3766,2355,1,0B00721C9A12260003
65,PtpNative,Official,0,0x004C,0x0324,0x00,0x00,0x05,50,64600,1,0,64600,1,0,0,0x981C7400,0x0000000B,0x0B,0x0B,8722,768,3767,2354,1,0B00741C9812220003
66,PtpNative,Official,0,0x004C,0x0324,0x00,0x00,0x05,50,64710,1,0,64710,1,0,0,0x961C7800,0x0000000B,0x0B,0x0B,10770,768,3769,2353,1,0B00781C96122A0003
67,PtpNative,Official,0,0x004C,0x0324,0x00,0x00,0x05,50,64830,1,0,64830,1,0,0,0x961C7A00,0x0000000B,0x0B,0x0B,14866,768,3770,2353,1,0B007A1C96123A0003
68,PtpNative,Official,0,0x004C,0x0324,0x00,0x00,0x05,50,64940,1,0,64940,1,0,0,0x981C7C00,0x0000000B,0x0B,0x0B,18450,768,3771,2354,1,0B007C1C9812480003
69,PtpNative,Official,0,0x004C,0x0324,0x00,0x00,0x05,50,65050,1,0,65050,1,0,0,0x981C7C00,0x0000000B,0x0B,0x0B,20498,768,3771,2354,1,0B007C1C9812500003
70,PtpNative,Official,0,0x004C,0x0324,0x00,0x00,0x05,50,65160,1,0,65160,1,0,0,0x9C1C7C00,0x0000000B,0x0B,0x0B,22034,768,3771,2356,1,0B007C1C9C12560003
71,PtpNative,Official,0,0x004C,0x0324,0x00,0x00,0x05,50,65280,1,0,65280,1,0,0,0x9E1C7C00,0x0000000B,0x0B,0x0B,23058,768,3771,2357,1,0B007C1C9E125A0003
72,PtpNative,Official,0,0x004C,0x0324,0x00,0x00,0x05,50,65390,1,0,65390,1,0,0,0xA21C7A00,0x0000000B,0x0B,0x0B,25106,768,3770,2359,1,0B007A1CA212620003
73,PtpNative,Official,0,0x004C,0x0324,0x00,0x00,0x05,50,65500,1,0,65500,1,0,0,0xA61C7A00,0x0000000B,0x0B,0x0B,29714,768,3770,2361,1,0B007A1CA612740003
74,PtpNative,Official,0,0x004C,0x0324,0x00,0x00,0x05,50,74,1,1,74,1,1,0,0xA61C7800,0x0000000B,0x0B,0x0B,38930,768,3769,2361,1,0B00781CA612980003
75,PtpNative,Official,0,0x004C,0x0324,0x00,0x00,0x05,50,194,1,1,194,1,1,0,0xA81C7600,0x0000000B,0x0B,0x0B,38930,768,3768,2362,1,0B00761CA812980003
76,PtpNative,Official,0,0x004C,0x0324,0x00,0x00,0x05,50,304,1,1,304,1,1,0,0xA81C7400,0x0000000B,0x0B,0x0B,54290,768,3767,2362,1,0B00741CA812D40003
77,PtpNative,Official,0,0x004C,0x0324,0x00,0x00,0x05,50,414,1,1,414,1,1,0,0xA61C7000,0x0000000B,0x0B,0x0B,1810,769,3765,2361,1,0B00701CA612070103
78,PtpNative,Official,0,0x004C,0x0324,0x00,0x00,0x05,50,524,1,1,524,1,1,0,0xA61C7000,0x0000000B,0x0B,0x0B,10514,769,3765,2361,1,0B00701CA612290103
79,PtpNative,Official,0,0x004C,0x0324,0x00,0x00,0x05,50,644,1,1,644,1,1,0,0xA41C6E00,0x0000000B,0x0B,0x0B,14610,769,3764,2360,1,0B006E1CA412390103
80,PtpNative,Official,0,0x004C,0x0324,0x00,0x00,0x05,50,754,1,1,754,1,1,0,0xA41C6E00,0x0000000B,0x0B,0x0B,13074,769,3764,2360,1,0B006E1CA412330103
81,PtpNative,Official,0,0x004C,0x0324,0x00,0x00,0x05,50,864,1,1,864,1,1,0,0xA41C6E00,0x0000000B,0x0B,0x0B,4370,769,3764,2360,1,0B006E1CA412110103
82,PtpNative,Official,0,0x004C,0x0324,0x00,0x00,0x05,50,974,1,1,974,1,1,0,0xA41C6E00,0x0000000B,0x0B,0x0B,58386,768,3764,2360,1,0B006E1CA412E40003
83,PtpNative,Official,0,0x004C,0x0324,0x00,0x00,0x05,50,1094,1,1,1094,1,1,0,0xA61C7000,0x0000000B,0x0B,0x0B,47634,768,3765,2361,1,0B00701CA612BA0003
84,PtpNative,Official,0,0x004C,0x0324,0x00,0x00,0x05,50,1204,1,1,1204,1,1,0,0xA81C7200,0x0000000B,0x0B,0x0B,37906,768,3766,2362,1,0B00721CA812940003
85,PtpNative,Official,0,0x004C,0x0324,0x00,0x00,0x05,50,1314,1,1,1314,1,1,0,0xA81C7400,0x0000000B,0x0B,0x0B,30738,768,3767,2362,1,0B00741CA812780003
86,PtpNative,Official,0,0x004C,0x0324,0x00,0x00,0x05,50,1424,1,1,1424,1,1,0,0xAA1C7800,0x0000000B,0x0B,0x0B,23570,768,3769,2363,1,0B00781CAA125C0003
87,PtpNative,Official,0,0x004C,0x0324,0x00,0x00,0x05,50,1544,1,0,1544,1,0,0,0xAA1C7C00,0x0000000B,0x0B,0x0B,18450,768,3771,2363,1,0B007C1CAA12480003
88,PtpNative,Official,0,0x004C,0x0324,0x00,0x00,0x05,50,1654,1,0,1654,1,0,0,0xAC1C8000,0x0000000B,0x0B,0x0B,18450,768,3773,2364,1,0B00801CAC12480003
89,PtpNative,Official,0,0x004C,0x0324,0x00,0x00,0x05,50,1764,1,0,1764,1,0,0,0xAA1C8200,0x0000000B,0x0B,0x0B,18450,768,3774,2363,1,0B00821CAA12480003
90,PtpNative,Official,0,0x004C,0x0324,0x00,0x00,0x05,50,1874,1,0,1874,1,0,0,0xAA1C8400,0x0000000B,0x0B,0x0B,14354,768,3775,2363,1,0B00841CAA12380003
91,PtpNative,Official,0,0x004C,0x0324,0x00,0x00,0x05,50,1994,1,0,1994,1,0,0,0xA81C8400,0x0000000B,0x0B,0x0B,13842,768,3775,2362,1,0B00841CA812360003
92,PtpNative,Official,0,0x004C,0x0324,0x00,0x00,0x05,50,2104,1,0,2104,1,0,0,0xA81C8400,0x0000000B,0x0B,0x0B,15378,768,3775,2362,1,0B00841CA8123C0003
93,PtpNative,Official,0,0x004C,0x0324,0x00,0x00,0x05,50,2214,1,0,2214,1,0,0,0xA81C8200,0x0000000B,0x0B,0x0B,19986,768,3774,2362,1,0B00821CA8124E0003
94,PtpNative,Official,0,0x004C,0x0324,0x00,0x00,0x05,50,2324,1,0,2324,1,0,0,0xA81C8200,0x0000000B,0x0B,0x0B,23570,768,3774,2362,1,0B00821CA8125C0003
95,PtpNative,Official,0,0x004C,0x0324,0x00,0x00,0x05,50,2444,1,0,2444,1,0,0,0xA81C8000,0x0000000B,0x0B,0x0B,29202,768,3773,2362,1,0B00801CA812720003
96,PtpNative,Official,0,0x004C,0x0324,0x00,0x00,0x05,50,2554,1,1,2554,1,1,0,0xA81C7E00,0x0000000B,0x0B,0x0B,37394,768,3772,2362,1,0B007E1CA812920003
97,PtpNative,Official,0,0x004C,0x0324,0x00,0x00,0x05,50,2664,1,1,2664,1,1,0,0xA81C7C00,0x0000000B,0x0B,0x0B,37394,768,3771,2362,1,0B007C1CA812920003
98,PtpNative,Official,0,0x004C,0x0324,0x00,0x00,0x05,50,2774,1,1,2774,1,1,0,0xA81C7A00,0x0000000B,0x0B,0x0B,47122,768,3770,2362,1,0B007A1CA812B80003
99,PtpNative,Official,0,0x004C,0x0324,0x00,0x00,0x05,50,2894,1,1,2894,1,1,0,0xAA1C7600,0x0000000B,0x0B,0x0B,57362,768,3768,2363,1,0B00761CAA12E00003
100,PtpNative,Official,0,0x004C,0x0324,0x00,0x00,0x05,50,3004,1,1,3004,1,1,0,0xAA1C7400,0x0000000B,0x0B,0x0B,64018,768,3767,2363,1,0B00741CAA12FA0003
101,PtpNative,Official,0,0x004C,0x0324,0x00,0x00,0x05,50,3114,1,1,3114,1,1,0,0xAA1C7400,0x0000000B,0x0B,0x0B,65042,768,3767,2363,1,0B00741CAA12FE0003
102,PtpNative,Official,0,0x004C,0x0324,0x00,0x00,0x05,50,3224,1,1,3224,1,1,0,0xAA1C7200,0x0000000B,0x0B,0x0B,62482,768,3766,2363,1,0B00721CAA12F40003
103,PtpNative,Official,0,0x004C,0x0324,0x00,0x00,0x05,50,3344,1,1,3344,1,1,0,0xAA1C7200,0x0000000B,0x0B,0x0B,52754,768,3766,2363,1,0B00721CAA12CE0003
104,PtpNative,Official,0,0x004C,0x0324,0x00,0x00,0x05,50,3454,1,1,3454,1,1,0,0xAA1C7200,0x0000000B,0x0B,0x0B,43026,768,3766,2363,1,0B00721CAA12A80003
105,PtpNative,Official,0,0x004C,0x0324,0x00,0x00,0x05,50,3564,1,1,3564,1,1,0,0xA81C7200,0x0000000B,0x0B,0x0B,33810,768,3766,2362,1,0B00721CA812840003
106,PtpNative,Official,0,0x004C,0x0324,0x00,0x00,0x05,50,3674,1,1,3674,1,1,0,0xA81C7400,0x0000000B,0x0B,0x0B,26130,768,3767,2362,1,0B00741CA812660003
107,PtpNative,Official,0,0x004C,0x0324,0x00,0x00,0x05,50,3794,1,1,3794,1,1,0,0xA81C7800,0x0000000B,0x0B,0x0B,19986,768,3769,2362,1,0B00781CA8124E0003
108,PtpNative,Official,0,0x004C,0x0324,0x00,0x00,0x05,50,3904,1,0,3904,1,0,0,0xA61C7A00,0x0000000B,0x0B,0x0B,14866,768,3770,2361,1,0B007A1CA6123A0003
109,PtpNative,Official,0,0x004C,0x0324,0x00,0x00,0x05,50,4014,1,0,4014,1,0,0,0xA41C7A00,0x0000000B,0x0B,0x0B,14866,768,3770,2360,1,0B007A1CA4123A0003
110,PtpNative,Official,0,0x004C,0x0324,0x00,0x00,0x05,50,4124,1,0,4124,1,0,0,0xA21C7A00,0x0000000B,0x0B,0x0B,14866,768,3770,2359,1,0B007A1CA2123A0003
111,PtpNative,Official,0,0x004C,0x0324,0x00,0x00,0x05,50,4244,1,0,4244,1,0,0,0xA01C7A00,0x0000000B,0x0B,0x0B,11282,768,3770,2358,1,0B007A1CA0122C0003
112,PtpNative,Official,0,0x004C,0x0324,0x00,0x00,0x05,50,4354,1,0,4354,1,0,0,0x9E1C7C00,0x0000000B,0x0B,0x0B,11282,768,3771,2357,1,0B007C1C9E122C0003
113,PtpNative,Official,0,0x004C,0x0324,0x00,0x00,0x05,50,4464,1,0,4464,1,0,0,0x9C1C7E00,0x0000000B,0x0B,0x0B,16402,768,3772,2356,1,0B007E1C9C12400003
114,PtpNative,Official,0,0x004C,0x0324,0x00,0x00,0x05,50,4574,1,0,4574,1,0,0,0x9A1C7C00,0x0000000B,0x0B,0x0B,21522,768,3771,2355,1,0B007C1C9A12540003
115,PtpNative,Official,0,0x004C,0x0324,0x00,0x00,0x05,50,4694,1,0,4694,1,0,0,0x9A1C7C00,0x0000000B,0x0B,0x0B,25106,768,3771,2355,1,0B007C1C9A12620003
116,PtpNative,Official,0,0x004C,0x0324,0x00,0x00,0x05,50,4804,1,0,4804,1,0,0,0x9A1C7C00,0x0000000B,0x0B,0x0B,29202,768,3771,2355,1,0B007C1C9A12720003
117,PtpNative,Official,0,0x004C,0x0324,0x00,0x00,0x05,50,4914,1,1,4914,1,1,0,0x9A1C7A00,0x0000000B,0x0B,0x0B,35346,768,3770,2355,1,0B007A1C9A128A0003
118,PtpNative,Official,0,0x004C,0x0324,0x00,0x00,0x05,50,5024,1,1,5024,1,1,0,0x9C1C7800,0x0000000B,0x0B,0x0B,35346,768,3769,2356,1,0B00781C9C128A0003
119,PtpNative,Official,0,0x004C,0x0324,0x00,0x00,0x05,50,5144,1,1,5144,1,1,0,0x9C1C7600,0x0000000B,0x0B,0x0B,43026,768,3768,2356,1,0B00761C9C12A80003
120,PtpNative,Official,0,0x004C,0x0324,0x00,0x00,0x05,50,5254,1,1,5254,1,1,0,0x9E1C7400,0x0000000B,0x0B,0x0B,53266,768,3767,2357,1,0B00741C9E12D00003
121,PtpNative,Official,0,0x004C,0x0324,0x00,0x00,0x05,50,5364,1,1,5364,1,1,0,0x9E1C7200,0x0000000B,0x0B,0x0B,59922,768,3766,2357,1,0B00721C9E12EA0003
122,PtpNative,Official,0,0x004C,0x0324,0x00,0x00,0x05,50,5474,1,1,5474,1,1,0,0xA01C7000,0x0000000B,0x0B,0x0B,61970,768,3765,2358,1,0B00701CA012F20003
123,PtpNative,Official,0,0x004C,0x0324,0x00,0x00,0x05,50,5594,1,1,5594,1,1,0,0xA01C7000,0x0000000B,0x0B,0x0B,60946,768,3765,2358,1,0B00701CA012EE0003
124,PtpNative,Official,0,0x004C,0x0324,0x00,0x00,0x05,50,5704,1,1,5704,1,1,0,0xA01C6E00,0x0000000B,0x0B,0x0B,53266,768,3764,2358,1,0B006E1CA012D00003
125,PtpNative,Official,0,0x004C,0x0324,0x00,0x00,0x05,50,5814,1,1,5814,1,1,0,0xA01C6E00,0x0000000B,0x0B,0x0B,44562,768,3764,2358,1,0B006E1CA012AE0003
126,PtpNative,Official,0,0x004C,0x0324,0x00,0x00,0x05,50,5924,1,1,5924,1,1,0,0x9E1C6E00,0x0000000B,0x0B,0x0B,36370,768,3764,2357,1,0B006E1C9E128E0003
127,PtpNative,Official,0,0x004C,0x0324,0x00,0x00,0x05,50,6044,1,1,6044,1,1,0,0xA01C6E00,0x0000000B,0x0B,0x0B,29714,768,3764,2358,1,0B006E1CA012740003
128,PtpNative,Official,0,0x004C,0x0324,0x00,0x00,0x05,50,6154,1,1,6154,1,1,0,0xA01C6E00,0x0000000B,0x0B,0x0B,23570,768,3764,2358,1,0B006E1CA0125C0003
129,PtpNative,Official,0,0x004C,0x0324,0x00,0x00,0x05,50,6264,1,0,6264,1,0,0,0xA01C7000,0x0000000B,0x0B,0x0B,18450,768,3765,2358,1,0B00701CA012480003
130,PtpNative,Official,0,0x004C,0x0324,0x00,0x00,0x05,50,6374,1,0,6374,1,0,0,0xA01C7200,0x0000000B,0x0B,0x0B,18450,768,3766,2358,1,0B00721CA012480003
131,PtpNative,Official,0,0x004C,0x0324,0x00,0x00,0x05,50,6494,1,0,6494,1,0,0,0xA01C7400,0x0000000B,0x0B,0x0B,18450,768,3767,2358,1,0B00741CA012480003
132,PtpNative,Official,0,0x004C,0x0324,0x00,0x00,0x05,50,6604,1,0,6604,1,0,0,0xA01C7600,0x0000000B,0x0B,0x0B,17426,768,3768,2358,1,0B00761CA012440003
133,PtpNative,Official,0,0x004C,0x0324,0x00,0x00,0x05,50,6714,1,0,6714,1,0,0,0xA01C7600,0x0000000B,0x0B,0x0B,15378,768,3768,2358,1,0B00761CA0123C0003
134,PtpNative,Official,0,0x004C,0x0324,0x00,0x00,0x05,50,6824,1,0,6824,1,0,0,0xA01C7600,0x0000000B,0x0B,0x0B,14354,768,3768,2358,1,0B00761CA012380003
135,PtpNative,Official,0,0x004C,0x0324,0x00,0x00,0x05,50,6944,1,0,6944,1,0,0,0xA01C7400,0x0000000B,0x0B,0x0B,14354,768,3767,2358,1,0B00741CA012380003
136,PtpNative,Official,0,0x004C,0x0324,0x00,0x00,0x05,50,7054,1,0,7054,1,0,0,0xA01C7400,0x0000000B,0x0B,0x0B,16914,768,3767,2358,1,0B00741CA012420003
137,PtpNative,Official,0,0x004C,0x0324,0x00,0x00,0x05,50,7164,1,0,7164,1,0,0,0xA01C7200,0x0000000B,0x0B,0x0B,22034,768,3766,2358,1,0B00721CA012560003
138,PtpNative,Official,0,0x004C,0x0324,0x00,0x00,0x05,50,7274,1,0,7274,1,0,0,0xA01C7000,0x0000000B,0x0B,0x0B,29202,768,3765,2358,1,0B00701CA012720003
139,PtpNative,Official,0,0x004C,0x0324,0x00,0x00,0x05,50,7394,1,1,7394,1,1,0,0xA01C7000,0x0000000B,0x0B,0x0B,38930,768,3765,2358,1,0B00701CA012980003
140,PtpNative,Official,0,0x004C,0x0324,0x00,0x00,0x05,50,7504,1,1,7504,1,1,0,0xA21C6E00,0x0000000B,0x0B,0x0B,38930,768,3764,2359,1,0B006E1CA212980003
141,PtpNative,Official,0,0x004C,0x0324,0x00,0x00,0x05,50,7614,1,1,7614,1,1,0,0xA21C6C00,0x0000000B,0x0B,0x0B,49682,768,3763,2359,1,0B006C1CA212C20003
142,PtpNative,Official,0,0x004C,0x0324,0x00,0x00,0x05,50,7724,1,1,7724,1,1,0,0xA21C6C00,0x0000000B,0x0B,0x0B,59922,768,3763,2359,1,0B006C1CA212EA0003
143,PtpNative,Official,0,0x004C,0x0324,0x00,0x00,0x05,50,7844,1,1,7844,1,1,0,0xA41C6A00,0x0000000B,0x0B,0x0B,786,769,3762,2360,1,0B006A1CA412030103
144,PtpNative,Official,0,0x004C,0x0324,0x00,0x00,0x05,50,7954,1,1,7954,1,1,0,0xA41C6A00,0x0000000B,0x0B,0x0B,2322,769,3762,2360,1,0B006A1CA412090103
145,PtpNative,Official,0,0x004C,0x0324,0x00,0x00,0x05,50,8064,1,1,8064,1,1,0,0xA21C6800,0x0000000B,0x0B,0x0B,1298,769,3760,2359,1,0B00681CA212050103
146,PtpNative,Official,0,0x004C,0x0324,0x00,0x00,0x05,50,8174,1,1,8174,1,1,0,0xA21C6800,0x0000000B,0x0B,0x0B,58386,768,3760,2359,1,0B00681CA212E40003
147,PtpNative,Official,0,0x004C,0x0324,0x00,0x00,0x05,50,8294,1,1,8294,1,1,0,0xA01C6800,0x0000000B,0x0B,0x0B,49170,768,3760,2358,1,0B00681CA012C00003
148,PtpNative,Official,0,0x004C,0x0324,0x00,0x00,0x05,50,8404,1,1,8404,1,1,0,0x9E1C6800,0x0000000B,0x0B,0x0B,40466,768,3760,2357,1,0B00681C9E129E0003
149,PtpNative,Official,0,0x004C,0x0324,0x00,0x00,0x05,50,8514,1,1,8514,1,1,0,0x9C1C6A00,0x0000000B,0x0B,0x0B,32274,768,3762,2356,1,0B006A1C9C127E0003
150,PtpNative,Official,0,0x004C,0x0324,0x00,0x00,0x05,50,8624,1,1,8624,1,1,0,0x9A1C6A00,0x0000000B,0x0B,0x0B,24594,768,3762,2355,1,0B006A1C9A12600003
151,PtpNative,Official,0,0x004C,0x0324,0x00,0x00,0x05,50,8744,1,0,8744,1,0,0,0x9A1C6C00,0x0000000B,0x0B,0x0B,18450,768,3763,2355,1,0B006C1C9A12480003
152,PtpNative,Official,0,0x004C,0x0324,0x00,0x00,0x05,50,8854,1,0,8854,1,0,0,0x9A1C6E00,0x0000000B,0x0B,0x0B,18450,768,3764,2355,1,0B006E1C9A12480003
153,PtpNative,Official,0,0x004C,0x0324,0x00,0x00,0x05,50,8964,1,0,8964,1,0,0,0x981C7000,0x0000000B,0x0B,0x0B,18450,768,3765,2354,1,0B00701C9812480003
154,PtpNative,Official,0,0x004C,0x0324,0x00,0x00,0x05,50,9074,1,0,9074,1,0,0,0x981C7200,0x0000000B,0x0B,0x0B,16914,768,3766,2354,1,0B00721C9812420003
155,PtpNative,Official,0,0x004C,0x0324,0x00,0x00,0x05,50,9194,1,0,9194,1,0,0,0x981C7200,0x0000000B,0x0B,0x0B,15378,768,3766,2354,1,0B00721C98123C0003
156,PtpNative,Official,0,0x004C,0x0324,0x00,0x00,0x05,50,9304,1,0,9304,1,0,0,0x961C7000,0x0000000B,0x0B,0x0B,14354,768,3765,2353,1,0B00701C9612380003
157,PtpNative,Official,0,0x004C,0x0324,0x00,0x00,0x05,50,9414,1,0,9414,1,0,0,0x961C7000,0x0000000B,0x0B,0x0B,14354,768,3765,2353,1,0B00701C9612380003
158,PtpNative,Official,0,0x004C,0x0324,0x00,0x00,0x05,50,9524,1,0,9524,1,0,0,0x961C7200,0x0000000B,0x0B,0x0B,14354,768,3766,2353,1,0B00721C9612380003
159,PtpNative,Official,0,0x004C,0x0324,0x00,0x00,0x05,50,9644,1,0,9644,1,0,0,0x961C7200,0x0000000B,0x0B,0x0B,14866,768,3766,2353,1,0B00721C96123A0003
160,PtpNative,Official,0,0x004C,0x0324,0x00,0x00,0x05,50,9754,1,0,9754,1,0,0,0x961C7000,0x0000000B,0x0B,0x0B,17426,768,3765,2353,1,0B00701C9612440003
161,PtpNative,Official,0,0x004C,0x0324,0x00,0x00,0x05,50,9864,1,0,9864,1,0,0,0x981C7000,0x0000000B,0x0B,0x0B,22546,768,3765,2354,1,0B00701C9812580003
162,PtpNative,Official,0,0x004C,0x0324,0x00,0x00,0x05,50,9974,1,0,9974,1,0,0,0x9A1C6E00,0x0000000B,0x0B,0x0B,29714,768,3764,2355,1,0B006E1C9A12740003
163,PtpNative,Official,0,0x004C,0x0324,0x00,0x00,0x05,50,10094,1,1,10094,1,1,0,0x9C1C6C00,0x0000000B,0x0B,0x0B,38930,768,3763,2356,1,0B006C1C9C12980003
164,PtpNative,Official,0,0x004C,0x0324,0x00,0x00,0x05,50,10204,1,1,10204,1,1,0,0x9E1C6C00,0x0000000B,0x0B,0x0B,38930,768,3763,2357,1,0B006C1C9E12980003
165,PtpNative,Official,0,0x004C,0x0324,0x00,0x00,0x05,50,10314,1,1,10314,1,1,0,0x9E1C6C00,0x0000000B,0x0B,0x0B,46610,768,3763,2357,1,0B006C1C9E12B60003
166,PtpNative,Official,0,0x004C,0x0324,0x00,0x00,0x05,50,10424,1,1,10424,1,1,0,0xA01C6C00,0x0000000B,0x0B,0x0B,55314,768,3763,2358,1,0B006C1CA012D80003
167,PtpNative,Official,0,0x004C,0x0324,0x00,0x00,0x05,50,10544,1,1,10544,1,1,0,0xA01C6C00,0x0000000B,0x0B,0x0B,60434,768,3763,2358,1,0B006C1CA012EC0003
168,PtpNative,Official,0,0x004C,0x0324,0x00,0x00,0x05,50,10654,1,1,10654,1,1,0,0xA01C6C00,0x0000000B,0x0B,0x0B,60946,768,3763,2358,1,0B006C1CA012EE0003
169,PtpNative,Official,0,0x004C,0x0324,0x00,0x00,0x05,50,10764,1,1,10764,1,1,0,0xA01C6C00,0x0000000B,0x0B,0x0B,58386,768,3763,2358,1,0B006C1CA012E40003
170,PtpNative,Official,0,0x004C,0x0324,0x00,0x00,0x05,50,10874,1,1,10874,1,1,0,0x9E1C6C00,0x0000000B,0x0B,0x0B,49170,768,3763,2357,1,0B006C1C9E12C00003
171,PtpNative,Official,0,0x004C,0x0324,0x00,0x00,0x05,50,10994,1,1,10994,1,1,0,0xA01C6C00,0x0000000B,0x0B,0x0B,39442,768,3763,2358,1,0B006C1CA0129A0003
172,PtpNative,Official,0,0x004C,0x0324,0x00,0x00,0x05,50,11104,1,1,11104,1,1,0,0x9E1C6C00,0x0000000B,0x0B,0x0B,30226,768,3763,2357,1,0B006C1C9E12760003
173,PtpNative,Official,0,0x004C,0x0324,0x00,0x00,0x05,50,11214,1,1,11214,1,1,0,0x9C1C6E00,0x0000000B,0x0B,0x0B,22034,768,3764,2356,1,0B006E1C9C12560003
174,PtpNative,Official,0,0x004C,0x0324,0x00,0x00,0x05,50,11324,1,0,11324,1,0,0,0x9A1C6E00,0x0000000B,0x0B,0x0B,14866,768,3764,2355,1,0B006E1C9A123A0003
175,PtpNative,Official,0,0x004C,0x0324,0x00,0x00,0x05,50,11444,1,0,11444,1,0,0,0x9A1C7000,0x0000000B,0x0B,0x0B,14866,768,3765,2355,1,0B00701C9A123A0003
176,PtpNative,Official,0,0x004C,0x0324,0x00,0x00,0x05,50,11554,1,0,11554,1,0,0,0x9A1C7200,0x0000000B,0x0B,0x0B,14866,768,3766,2355,1,0B00721C9A123A0003
177,PtpNative,Official,0,0x004C,0x0324,0x00,0x00,0x05,50,11664,1,0,11664,1,0,0,0x9A1C7600,0x0000000B,0x0B,0x0B,9746,768,3768,2355,1,0B00761C9A12260003
178,PtpNative,Official,0,0x004C,0x0324,0x00,0x00,0x05,50,11774,1,0,11774,1,0,0,0x9A1C7800,0x0000000B,0x0B,0x0B,7186,768,3769,2355,1,0B00781C9A121C0003
179,PtpNative,Official,0,0x004C,0x0324,0x00,0x00,0x05,50,11894,1,0,11894,1,0,0,0x9A1C7A00,0x0000000B,0x0B,0x0B,6674,768,3770,2355,1,0B007A1C9A121A0003
180,PtpNative,Official,0,0x004C,0x0324,0x00,0x00,0x05,50,12004,1,0,12004,1,0,0,0x981C7A00,0x0000000B,0x0B,0x0B,8722,768,3770,2354,1,0B007A1C9812220003
181,PtpNative,Official,0,0x004C,0x0324,0x00,0x00,0x05,50,12114,1,0,12114,1,0,0,0x981C7C00,0x0000000B,0x0B,0x0B,11794,768,3771,2354,1,0B007C1C98122E0003
182,PtpNative,Official,0,0x004C,0x0324,0x00,0x00,0x05,50,12224,1,0,12224,1,0,0,0x981C7C00,0x0000000B,0x0B,0x0B,15378,768,3771,2354,1,0B007C1C98123C0003
183,PtpNative,Official,0,0x004C,0x0324,0x00,0x00,0x05,50,12344,1,0,12344,1,0,0,0x9A1C7C00,0x0000000B,0x0B,0x0B,20498,768,3771,2355,1,0B007C1C9A12500003
184,PtpNative,Official,0,0x004C,0x0324,0x00,0x00,0x05,50,12454,1,0,12454,1,0,0,0x9A1C7A00,0x0000000B,0x0B,0x0B,28178,768,3770,2355,1,0B007A1C9A126E0003
185,PtpNative,Official,0,0x004C,0x0324,0x00,0x00,0x05,50,12564,1,1,12564,1,1,0,0x9C1C7600,0x0000000B,0x0B,0x0B,39442,768,3768,2356,1,0B00761C9C129A0003
186,PtpNative,Official,0,0x004C,0x0324,0x00,0x00,0x05,50,12674,1,1,12674,1,1,0,0x9E1C7400,0x0000000B,0x0B,0x0B,39954,768,3767,2357,1,0B00741C9E129C0003
187,PtpNative,Official,0,0x004C,0x0324,0x00,0x00,0x05,50,12794,1,1,12794,1,1,0,0xA01C7000,0x0000000B,0x0B,0x0B,54290,768,3765,2358,1,0B00701CA012D40003
188,PtpNative,Official,0,0x004C,0x0324,0x00,0x00,0x05,50,12904,1,1,12904,1,1,0,0xA01C7000,0x0000000B,0x0B,0x0B,65042,768,3765,2358,1,0B00701CA012FE0003
189,PtpNative,Official,0,0x004C,0x0324,0x00,0x00,0x05,50,13014,1,1,13014,1,1,0,0x9E1C7000,0x0000000B,0x0B,0x0B,5650,769,3765,2357,1,0B00701C9E12160103
190,PtpNative,Official,0,0x004C,0x0324,0x00,0x00,0x05,50,13124,1,1,13124,1,1,0,0x9E1C7000,0x0000000B,0x0B,0x0B,6930,769,3765,2357,1,0B00701C9E121B0103
191,PtpNative,Official,0,0x004C,0x0324,0x00,0x00,0x05,50,13244,1,1,13244,1,1,0,0x9C1C6E00,0x0000000B,0x0B,0x0B,4882,769,3764,2356,1,0B006E1C9C12130103
192,PtpNative,Official,0,0x004C,0x0324,0x00,0x00,0x05,50,13354,1,1,13354,1,1,0,0x9A1C6E00,0x0000000B,0x0B,0x0B,61970,768,3764,2355,1,0B006E1C9A12F20003
193,PtpNative,Official,0,0x004C,0x0324,0x00,0x00,0x05,50,13464,1,1,13464,1,1,0,0x9A1C7000,0x0000000B,0x0B,0x0B,52754,768,3765,2355,1,0B00701C9A12CE0003
194,PtpNative,Official,0,0x004C,0x0324,0x00,0x00,0x05,50,13574,1,1,13574,1,1,0,0x9A1C7000,0x0000000B,0x0B,0x0B,43538,768,3765,2355,1,0B00701C9A12AA0003
195,PtpNative,Official,0,0x004C,0x0324,0x00,0x00,0x05,50,13694,1,1,13694,1,1,0,0x981C7200,0x0000000B,0x0B,0x0B,34834,768,3766,2354,1,0B00721C9812880003
196,PtpNative,Official,0,0x004C,0x0324,0x00,0x00,0x05,50,13804,1,1,13804,1,1,0,0x961C7400,0x0000000B,0x0B,0x0B,28178,768,3767,2353,1,0B00741C96126E0003
197,PtpNative,Official,0,0x004C,0x0324,0x00,0x00,0x05,50,13914,1,1,13914,1,1,0,0x961C7600,0x0000000B,0x0B,0x0B,22034,768,3768,2353,1,0B00761C9612560003
198,PtpNative,Official,0,0x004C,0x0324,0x00,0x00,0x05,50,14024,1,0,14024,1,0,0,0x961C7600,0x0000000B,0x0B,0x0B,17426,768,3768,2353,1,0B00761C9612440003
199,PtpNative,Official,0,0x004C,0x0324,0x00,0x00,0x05,50,14144,1,0,14144,1,0,0,0x961C7800,0x0000000B,0x0B,0x0B,17426,768,3769,2353,1,0B00781C9612440003
200,PtpNative,Official,0,0x004C,0x0324,0x00,0x00,0x05,50,14254,1,0,14254,1,0,0,0x961C7800,0x0000000B,0x0B,0x0B,17426,768,3769,2353,1,0B00781C9612440003
201,PtpNative,Official,0,0x004C,0x0324,0x00,0x00,0x05,50,14364,1,0,14364,1,0,0,0x961C7800,0x0000000B,0x0B,0x0B,13842,768,3769,2353,1,0B00781C9612360003
202,PtpNative,Official,0,0x004C,0x0324,0x00,0x00,0x05,50,14474,1,0,14474,1,0,0,0x961C7800,0x0000000B,0x0B,0x0B,12306,768,3769,2353,1,0B00781C9612300003
203,PtpNative,Official,0,0x004C,0x0324,0x00,0x00,0x05,50,14594,1,0,14594,1,0,0,0x961C7800,0x0000000B,0x0B,0x0B,12306,768,3769,2353,1,0B00781C9612300003
204,PtpNative,Official,0,0x004C,0x0324,0x00,0x00,0x05,50,14704,1,0,14704,1,0,0,0x961C7800,0x0000000B,0x0B,0x0B,13842,768,3769,2353,1,0B00781C9612360003
205,PtpNative,Official,0,0x004C,0x0324,0x00,0x00,0x05,50,14814,1,0,14814,1,0,0,0x981C7800,0x0000000B,0x0B,0x0B,14354,768,3769,2354,1,0B00781C9812380003
206,PtpNative,Official,0,0x004C,0x0324,0x00,0x00,0x05,50,14924,1,0,14924,1,0,0,0x9A1C7600,0x0000000B,0x0B,0x0B,15890,768,3768,2355,1,0B00761C9A123E0003
207,PtpNative,Official,0,0x004C,0x0324,0x00,0x00,0x05,50,15044,1,0,15044,1,0,0,0x9A1C7600,0x0000000B,0x0B,0x0B,19474,768,3768,2355,1,0B00761C9A124C0003
208,PtpNative,Official,0,0x004C,0x0324,0x00,0x00,0x05,50,15154,1,0,15154,1,0,0,0x9A1C7400,0x0000000B,0x0B,0x0B,26130,768,3767,2355,1,0B00741C9A12660003
209,PtpNative,Official,0,0x004C,0x0324,0x00,0x00,0x05,50,15264,1,1,15264,1,1,0,0x9A1C7200,0x0000000B,0x0B,0x0B,34834,768,3766,2355,1,0B00721C9A12880003
210,PtpNative,Official,0,0x004C,0x0324,0x00,0x00,0x05,50,15374,1,1,15374,1,1,0,0x9A1C7000,0x0000000B,0x0B,0x0B,34834,768,3765,2355,1,0B00701C9A12880003
211,PtpNative,Official,0,0x004C,0x0324,0x00,0x00,0x05,50,15494,1,1,15494,1,1,0,0x9A1C7000,0x0000000B,0x0B,0x0B,46098,768,3765,2355,1,0B00701C9A12B40003
212,PtpNative,Official,0,0x004C,0x0324,0x00,0x00,0x05,50,15604,1,1,15604,1,1,0,0x9A1C6E00,0x0000000B,0x0B,0x0B,55314,768,3764,2355,1,0B006E1C9A12D80003
213,PtpNative,Official,0,0x004C,0x0324,0x00,0x00,0x05,50,15714,1,1,15714,1,1,0,0x9A1C6E00,0x0000000B,0x0B,0x0B,60946,768,3764,2355,1,0B006E1C9A12EE0003
214,PtpNative,Official,0,0x004C,0x0324,0x00,0x00,0x05,50,15824,1,1,15824,1,1,0,0x9A1C6E00,0x0000000B,0x0B,0x0B,61970,768,3764,2355,1,0B006E1C9A12F20003
215,PtpNative,Official,0,0x004C,0x0324,0x00,0x00,0x05,50,15944,1,1,15944,1,1,0,0x981C6E00,0x0000000B,0x0B,0x0B,59410,768,3764,2354,1,0B006E1C9812E80003
216,PtpNative,Official,0,0x004C,0x0324,0x00,0x00,0x05,50,16054,1,1,16054,1,1,0,0x981C6E00,0x0000000B,0x0B,0x0B,50706,768,3764,2354,1,0B006E1C9812C60003
217,PtpNative,Official,0,0x004C,0x0324,0x00,0x00,0x05,50,16164,1,1,16164,1,1,0,0x981C6E00,0x0000000B,0x0B,0x0B,40978,768,3764,2354,1,0B006E1C9812A00003
218,PtpNative,Official,0,0x004C,0x0324,0x00,0x00,0x05,50,16274,1,1,16274,1,1,0,0x981C6E00,0x0000000B,0x0B,0x0B,31762,768,3764,2354,1,0B006E1C98127C0003
219,PtpNative,Official,0,0x004C,0x0324,0x00,0x00,0x05,50,16394,1,1,16394,1,1,0,0x981C7000,0x0000000B,0x0B,0x0B,23058,768,3765,2354,1,0B00701C98125A0003
220,PtpNative,Official,0,0x004C,0x0324,0x00,0x00,0x05,50,16504,1,0,16504,1,0,0,0x981C7200,0x0000000B,0x0B,0x0B,16402,768,3766,2354,1,0B00721C9812400003
221,PtpNative,Official,0,0x004C,0x0324,0x00,0x00,0x05,50,16614,1,0,16614,1,0,0,0x961C7400,0x0000000B,0x0B,0x0B,16402,768,3767,2353,1,0B00741C9612400003
222,PtpNative,Official,0,0x004C,0x0324,0x00,0x00,0x05,50,16724,1,0,16724,1,0,0,0x961C7600,0x0000000B,0x0B,0x0B,16402,768,3768,2353,1,0B00761C9612400003
223,PtpNative,Official,0,0x004C,0x0324,0x00,0x00,0x05,50,16844,1,0,16844,1,0,0,0x961C7600,0x0000000B,0x0B,0x0B,12306,768,3768,2353,1,0B00761C9612300003
224,PtpNative,Official,0,0x004C,0x0324,0x00,0x00,0x05,50,16954,1,0,16954,1,0,0,0x941C7800,0x0000000B,0x0B,0x0B,9746,768,3769,2352,1,0B00781C9412260003
225,PtpNative,Official,0,0x004C,0x0324,0x00,0x00,0x05,50,17064,1,0,17064,1,0,0,0x941C7800,0x0000000B,0x0B,0x0B,9234,768,3769,2352,1,0B00781C9412240003
226,PtpNative,Official,0,0x004C,0x0324,0x00,0x00,0x05,50,17174,1,0,17174,1,0,0,0x941C7800,0x0000000B,0x0B,0x0B,10770,768,3769,2352,1,0B00781C94122A0003
227,PtpNative,Official,0,0x004C,0x0324,0x00,0x00,0x05,50,17294,1,0,17294,1,0,0,0x961C7800,0x0000000B,0x0B,0x0B,13330,768,3769,2353,1,0B00781C9612340003
228,PtpNative,Official,0,0x004C,0x0324,0x00,0x00,0x05,50,17404,1,0,17404,1,0,0,0x961C7800,0x0000000B,0x0B,0x0B,16914,768,3769,2353,1,0B00781C9612420003
229,PtpNative,Official,0,0x004C,0x0324,0x00,0x00,0x05,50,17514,1,0,17514,1,0,0,0x981C7800,0x0000000B,0x0B,0x0B,21522,768,3769,2354,1,0B00781C9812540003
230,PtpNative,Official,0,0x004C,0x0324,0x00,0x00,0x05,50,17624,1,0,17624,1,0,0,0x9A1C7600,0x0000000B,0x0B,0x0B,28178,768,3768,2355,1,0B00761C9A126E0003
231,PtpNative,Official,0,0x004C,0x0324,0x00,0x00,0x05,50,17744,1,1,17744,1,1,0,0x9A1C7400,0x0000000B,0x0B,0x0B,37906,768,3767,2355,1,0B00741C9A12940003
232,PtpNative,Official,0,0x004C,0x0324,0x00,0x00,0x05,50,17854,1,1,17854,1,1,0,0x9A1C7400,0x0000000B,0x0B,0x0B,37906,768,3767,2355,1,0B00741C9A12940003
233,PtpNative,Official,0,0x004C,0x0324,0x00,0x00,0x05,50,17964,1,1,17964,1,1,0,0x9A1C7200,0x0000000B,0x0B,0x0B,48658,768,3766,2355,1,0B00721C9A12BE0003
234,PtpNative,Official,0,0x004C,0x0324,0x00,0x00,0x05,50,18074,1,1,18074,1,1,0,0x9A1C7000,0x0000000B,0x0B,0x0B,59410,768,3765,2355,1,0B00701C9A12E80003
235,PtpNative,Official,0,0x004C,0x0324,0x00,0x00,0x05,50,18194,1,1,18194,1,1,0,0x9A1C6E00,0x0000000B,0x0B,0x0B,1810,769,3764,2355,1,0B006E1C9A12070103
236,PtpNative,Official,0,0x004C,0x0324,0x00,0x00,0x05,50,18304,1,1,18304,1,1,0,0x981C6C00,0x0000000B,0x0B,0x0B,5650,769,3763,2354,1,0B006C1C9812160103
237,PtpNative,Official,0,0x004C,0x0324,0x00,0x00,0x05,50,18414,1,1,18414,1,1,0,0x981C6C00,0x0000000B,0x0B,0x0B,5650,769,3763,2354,1,0B006C1C9812160103
238,PtpNative,Official,0,0x004C,0x0324,0x00,0x00,0x05,50,18524,1,1,18524,1,1,0,0x961C6A00,0x0000000B,0x0B,0x0B,65298,768,3762,2353,1,0B006A1C9612FF0003
239,PtpNative,Official,0,0x004C,0x0324,0x00,0x00,0x05,50,18644,1,1,18644,1,1,0,0x941C6A00,0x0000000B,0x0B,0x0B,56338,768,3762,2352,1,0B006A1C9412DC0003
240,PtpNative,Official,0,0x004C,0x0324,0x00,0x00,0x05,50,18754,1,1,18754,1,1,0,0x941C6A00,0x0000000B,0x0B,0x0B,47122,768,3762,2352,1,0B006A1C9412B80003
241,PtpNative,Official,0,0x004C,0x0324,0x00,0x00,0x05,50,18864,1,1,18864,1,1,0,0x921C6A00,0x0000000B,0x0B,0x0B,37394,768,3762,2351,1,0B006A1C9212920003
242,PtpNative,Official,0,0x004C,0x0324,0x00,0x00,0x05,50,18974,1,1,18974,1,1,0,0x921C6A00,0x0000000B,0x0B,0x0B,29714,768,3762,2351,1,0B006A1C9212740003
243,PtpNative,Official,0,0x004C,0x0324,0x00,0x00,0x05,50,19094,1,1,19094,1,1,0,0x921C6C00,0x0000000B,0x0B,0x0B,22034,768,3763,2351,1,0B006C1C9212560003
244,PtpNative,Official,0,0x004C,0x0324,0x00,0x00,0x05,50,19204,1,0,19204,1,0,0,0x921C6E00,0x0000000B,0x0B,0x0B,15890,768,3764,2351,1,0B006E1C92123E0003
245,PtpNative,Official,0,0x004C,0x0324,0x00,0x00,0x05,50,19314,1,0,19314,1,0,0,0x921C7200,0x0000000B,0x0B,0x0B,15890,768,3766,2351,1,0B00721C92123E0003
246,PtpNative,Official,0,0x004C,0x0324,0x00,0x00,0x05,50,19424,1,0,19424,1,0,0,0x921C7200,0x0000000B,0x0B,0x0B,15890,768,3766,2351,1,0B00721C92123E0003
247,PtpNative,Official,0,0x004C,0x0324,0x00,0x00,0x05,50,19544,1,0,19544,1,0,0,0x941C7400,0x0000000B,0x0B,0x0B,14354,768,3767,2352,1,0B00741C9412380003
248,PtpNative,Official,0,0x004C,0x0324,0x00,0x00,0x05,50,19654,1,0,19654,1,0,0,0x941C7400,0x0000000B,0x0B,0x0B,11794,768,3767,2352,1,0B00741C94122E0003
249,PtpNative,Official,0,0x004C,0x0324,0x00,0x00,0x05,50,19764,1,0,19764,1,0,0,0x961C7600,0x0000000B,0x0B,0x0B,10258,768,3768,2353,1,0B00761C9612280003
250,PtpNative,Official,0,0x004C,0x0324,0x00,0x00,0x05,50,19874,1,0,19874,1,0,0,0x961C7600,0x0000000B,0x0B,0x0B,9746,768,3768,2353,1,0B00761C9612260003
251,PtpNative,Official,0,0x004C,0x0324,0x00,0x00,0x05,50,19994,1,0,19994,1,0,0,0x961C7600,0x0000000B,0x0B,0x0B,10258,768,3768,2353,1,0B00761C9612280003
252,PtpNative,Official,0,0x004C,0x0324,0x00,0x00,0x05,50,20104,1,0,20104,1,0,0,0x981C7600,0x0000000B,0x0B,0x0B,12306,768,3768,2354,1,0B00761C9812300003
253,PtpNative,Official,0,0x004C,0x0324,0x00,0x00,0x05,50,20214,1,0,20214,1,0,0,0x9A1C7600,0x0000000B,0x0B,0x0B,16402,768,3768,2355,1,0B00761C9A12400003
254,PtpNative,Official,0,0x004C,0x0324,0x00,0x00,0x05,50,20324,1,0,20324,1,0,0,0x981C7400,0x0000000B,0x0B,0x0B,23058,768,3767,2354,1,0B00741C98125A0003
255,PtpNative,Official,0,0x004C,0x0324,0x00,0x00,0x05,50,20444,1,1,20444,1,1,0,0x9A1C7400,0x0000000B,0x0B,0x0B,32786,768,3767,2355,1,0B00741C9A12800003
256,PtpNative,Official,0,0x004C,0x0324,0x00,0x00,0x05,50,20554,1,1,20554,1,1,0,0x9A1C7200,0x0000000B,0x0B,0x0B,32786,768,3766,2355,1,0B00721C9A12800003
257,PtpNative,Official,0,0x004C,0x0324,0x00,0x00,0x05,50,20664,1,1,20664,1,1,0,0x9A1C7000,0x0000000B,0x0B,0x0B,46610,768,3765,2355,1,0B00701C9A12B60003
258,PtpNative,Official,0,0x004C,0x0324,0x00,0x00,0x05,50,20774,1,1,20774,1,1,0,0x9A1C7000,0x0000000B,0x0B,0x0B,58386,768,3765,2355,1,0B00701C9A12E40003
259,PtpNative,Official,0,0x004C,0x0324,0x00,0x00,0x05,50,20894,1,1,20894,1,1,0,0x9A1C7000,0x0000000B,0x0B,0x0B,1298,769,3765,2355,1,0B00701C9A12050103
260,PtpNative,Official,0,0x004C,0x0324,0x00,0x00,0x05,50,21004,1,1,21004,1,1,0,0x9A1C7000,0x0000000B,0x0B,0x0B,5650,769,3765,2355,1,0B00701C9A12160103
261,PtpNative,Official,0,0x004C,0x0324,0x00,0x00,0x05,50,21114,1,1,21114,1,1,0,0x9A1C6E00,0x0000000B,0x0B,0x0B,5650,769,3764,2355,1,0B006E1C9A12160103
262,PtpNative,Official,0,0x004C,0x0324,0x00,0x00,0x05,50,21224,1,1,21224,1,1,0,0x9A1C6E00,0x0000000B,0x0B,0x0B,274,769,3764,2355,1,0B006E1C9A12010103
263,PtpNative,Official,0,0x004C,0x0324,0x00,0x00,0x05,50,21344,1,1,21344,1,1,0,0x9A1C6E00,0x0000000B,0x0B,0x0B,57362,768,3764,2355,1,0B006E1C9A12E00003
264,PtpNative,Official,0,0x004C,0x0324,0x00,0x00,0x05,50,21454,1,1,21454,1,1,0,0x981C6E00,0x0000000B,0x0B,0x0B,47634,768,3764,2354,1,0B006E1C9812BA0003
265,PtpNative,Official,0,0x004C,0x0324,0x00,0x00,0x05,50,21564,1,1,21564,1,1,0,0x981C7000,0x0000000B,0x0B,0x0B,38418,768,3765,2354,1,0B00701C9812960003
266,PtpNative,Official,0,0x004C,0x0324,0x00,0x00,0x05,50,21674,1,1,21674,1,1,0,0x981C7000,0x0000000B,0x0B,0x0B,30738,768,3765,2354,1,0B00701C9812780003
267,PtpNative,Official,0,0x004C,0x0324,0x00,0x00,0x05,50,21794,1,1,21794,1,1,0,0x981C7200,0x0000000B,0x0B,0x0B,24082,768,3766,2354,1,0B00721C98125E0003
268,PtpNative,Official,0,0x004C,0x0324,0x00,0x00,0x05,50,21904,1,0,21904,1,0,0,0x981C7400,0x0000000B,0x0B,0x0B,18450,768,3767,2354,1,0B00741C9812480003
269,PtpNative,Official,0,0x004C,0x0324,0x00,0x00,0x05,50,22014,1,0,22014,1,0,0,0x981C7600,0x0000000B,0x0B,0x0B,18450,768,3768,2354,1,0B00761C9812480003
270,PtpNative,Official,0,0x004C,0x0324,0x00,0x00,0x05,50,22124,1,0,22124,1,0,0,0x981C7600,0x0000000B,0x0B,0x0B,18450,768,3768,2354,1,0B00761C9812480003
271,PtpNative,Official,0,0x004C,0x0324,0x00,0x00,0x05,50,22244,1,0,22244,1,0,0,0x981C7800,0x0000000B,0x0B,0x0B,18450,768,3769,2354,1,0B00781C9812480003
272,PtpNative,Official,0,0x004C,0x0324,0x00,0x00,0x05,50,22354,1,0,22354,1,0,0,0x981C7800,0x0000000B,0x0B,0x0B,15890,768,3769,2354,1,0B00781C98123E0003
273,PtpNative,Official,0,0x004C,0x0324,0x00,0x00,0x05,50,22464,1,0,22464,1,0,0,0x981C7A00,0x0000000B,0x0B,0x0B,14866,768,3770,2354,1,0B007A1C98123A0003
274,PtpNative,Official,0,0x004C,0x0324,0x00,0x00,0x05,50,22574,1,0,22574,1,0,0,0x981C7A00,0x0000000B,0x0B,0x0B,14866,768,3770,2354,1,0B007A1C98123A0003
275,PtpNative,Official,0,0x004C,0x0324,0x00,0x00,0x05,50,22694,1,0,22694,1,0,0,0x9A1C7A00,0x0000000B,0x0B,0x0B,15378,768,3770,2355,1,0B007A1C9A123C0003
276,PtpNative,Official,0,0x004C,0x0324,0x00,0x00,0x05,50,22804,1,0,22804,1,0,0,0x9A1C7A00,0x0000000B,0x0B,0x0B,16402,768,3770,2355,1,0B007A1C9A12400003
277,PtpNative,Official,0,0x004C,0x0324,0x00,0x00,0x05,50,22914,1,0,22914,1,0,0,0x9C1C7A00,0x0000000B,0x0B,0x0B,19474,768,3770,2356,1,0B007A1C9C124C0003
278,PtpNative,Official,0,0x004C,0x0324,0x00,0x00,0x05,50,23024,1,0,23024,1,0,0,0x9E1C7800,0x0000000B,0x0B,0x0B,25618,768,3769,2357,1,0B00781C9E12640003
279,PtpNative,Official,0,0x004C,0x0324,0x00,0x00,0x05,50,23144,1,1,23144,1,1,0,0xA01C7800,0x0000000B,0x0B,0x0B,34834,768,3769,2358,1,0B00781CA012880003
280,PtpNative,Official,0,0x004C,0x0324,0x00,0x00,0x05,50,23254,1,1,23254,1,1,0,0xA21C7600,0x0000000B,0x0B,0x0B,34834,768,3768,2359,1,0B00761CA212880003
281,PtpNative,Official,0,0x004C,0x0324,0x00,0x00,0x05,50,23364,1,1,23364,1,1,0,0xA41C7400,0x0000000B,0x0B,0x0B,48658,768,3767,2360,1,0B00741CA412BE0003
282,PtpNative,Official,0,0x004C,0x0324,0x00,0x00,0x05,50,23474,1,1,23474,1,1,0,0xA41C7400,0x0000000B,0x0B,0x0B,60946,768,3767,2360,1,0B00741CA412EE0003
283,PtpNative,Official,0,0x004C,0x0324,0x00,0x00,0x05,50,23594,1,1,23594,1,1,0,0xA41C7400,0x0000000B,0x0B,0x0B,4370,769,3767,2360,1,0B00741CA412110103
284,PtpNative,Official,0,0x004C,0x0324,0x00,0x00,0x05,50,23704,1,1,23704,1,1,0,0xA41C7400,0x0000000B,0x0B,0x0B,8210,769,3767,2360,1,0B00741CA412200103
285,PtpNative,Official,0,0x004C,0x0324,0x00,0x00,0x05,50,23814,1,1,23814,1,1,0,0xA21C7200,0x0000000B,0x0B,0x0B,8210,769,3766,2359,1,0B00721CA212200103
286,PtpNative,Official,0,0x004C,0x0324,0x00,0x00,0x05,50,23924,1,1,23924,1,1,0,0xA21C7200,0x0000000B,0x0B,0x0B,3090,769,3766,2359,1,0B00721CA2120C0103
287,PtpNative,Official,0,0x004C,0x0324,0x00,0x00,0x05,50,24044,1,1,24044,1,1,0,0xA01C7200,0x0000000B,0x0B,0x0B,59922,768,3766,2358,1,0B00721CA012EA0003
288,PtpNative,Official,0,0x004C,0x0324,0x00,0x00,0x05,50,24154,1,1,24154,1,1,0,0xA01C7000,0x0000000B,0x0B,0x0B,50194,768,3765,2358,1,0B00701CA012C40003
289,PtpNative,Official,0,0x004C,0x0324,0x00,0x00,0x05,50,24264,1,1,24264,1,1,0,0x9E1C7200,0x0000000B,0x0B,0x0B,40978,768,3766,2357,1,0B00721C9E12A00003
290,PtpNative,Official,0,0x004C,0x0324,0x00,0x00,0x05,50,24374,1,1,24374,1,1,0,0x9E1C7200,0x0000000B,0x0B,0x0B,32786,768,3766,2357,1,0B00721C9E12800003
291,PtpNative,Official,0,0x004C,0x0324,0x00,0x00,0x05,50,24494,1,1,24494,1,1,0,0x9E1C7200,0x0000000B,0x0B,0x0B,26130,768,3766,2357,1,0B00721C9E12660003
292,PtpNative,Official,0,0x004C,0x0324,0x00,0x00,0x05,50,24604,1,1,24604,1,1,0,0x9E1C7200,0x0000000B,0x0B,0x0B,19986,768,3766,2357,1,0B00721C9E124E0003
293,PtpNative,Official,0,0x004C,0x0324,0x00,0x00,0x05,50,24714,1,0,24714,1,0,0,0x9E1C7200,0x0000000B,0x0B,0x0B,14354,768,3766,2357,1,0B00721C9E12380003
294,PtpNative,Official,0,0x004C,0x0324,0x00,0x00,0x05,50,24824,1,0,24824,1,0,0,0x9E1C7200,0x0000000B,0x0B,0x0B,14354,768,3766,2357,1,0B00721C9E12380003
295,PtpNative,Official,0,0x004C,0x0324,0x00,0x00,0x05,50,24944,1,0,24944,1,0,0,0xA01C7200,0x0000000B,0x0B,0x0B,14354,768,3766,2358,1,0B00721CA012380003
296,PtpNative,Official,0,0x004C,0x0324,0x00,0x00,0x05,50,25054,1,0,25054,1,0,0,0xA01C7200,0x0000000B,0x0B,0x0B,10770,768,3766,2358,1,0B00721CA0122A0003
297,PtpNative,Official,0,0x004C,0x0324,0x00,0x00,0x05,50,25164,1,0,25164,1,0,0,0xA21C7200,0x0000000B,0x0B,0x0B,9746,768,3766,2359,1,0B00721CA212260003
298,PtpNative,Official,0,0x004C,0x0324,0x00,0x00,0x05,50,25274,1,0,25274,1,0,0,0xA21C7200,0x0000000B,0x0B,0x0B,9746,768,3766,2359,1,0B00721CA212260003
299,PtpNative,Official,0,0x004C,0x0324,0x00,0x00,0x05,50,25394,1,0,25394,1,0,0,0xA41C7200,0x0000000B,0x0B,0x0B,12306,768,3766,2360,1,0B00721CA412300003
300,PtpNative,Official,0,0x004C,0x0324,0x00,0x00,0x05,50,25504,1,0,25504,1,0,0,0xA61C7200,0x0000000B,0x0B,0x0B,13842,768,3766,2361,1,0B00721CA612360003
301,PtpNative,Official,0,0x004C,0x0324,0x00,0x00,0x05,50,25614,1,0,25614,1,0,0,0xA61C7000,0x0000000B,0x0B,0x0B,15378,768,3765,2361,1,0B00701CA6123C0003
302,PtpNative,Official,0,0x004C,0x0324,0x00,0x00,0x05,50,25724,1,0,25724,1,0,0,0xA81C7200,0x0000000B,0x0B,0x0B,18450,768,3766,2362,1,0B00721CA812480003
303,PtpNative,Official,0,0x004C,0x0324,0x00,0x00,0x05,50,25844,1,0,25844,1,0,0,0xAA1C7000,0x0000000B,0x0B,0x0B,23570,768,3765,2363,1,0B00701CAA125C0003
304,PtpNative,Official,0,0x004C,0x0324,0x00,0x00,0x05,50,25954,1,0,25954,1,0,0,0xAE1C7000,0x0000000B,0x0B,0x0B,32274,768,3765,2365,1,0B00701CAE127E0003
305,PtpNative,Official,0,0x004C,0x0324,0x00,0x00,0x05,50,26064,1,1,26064,1,1,0,0xB01C7000,0x0000000B,0x0B,0x0B,44050,768,3765,2366,1,0B00701CB012AC0003
306,PtpNative,Official,0,0x004C,0x0324,0x00,0x00,0x05,50,26174,1,1,26174,1,1,0,0xB21C6E00,0x0000000B,0x0B,0x0B,45074,768,3764,2367,1,0B006E1CB212B00003
307,PtpNative,Official,0,0x004C,0x0324,0x00,0x00,0x05,50,26294,1,1,26294,1,1,0,0xB21C6E00,0x0000000B,0x0B,0x0B,59410,768,3764,2367,1,0B006E1CB212E80003
308,PtpNative,Official,0,0x004C,0x0324,0x00,0x00,0x05,50,26404,1,1,26404,1,1,0,0xB21C6C00,0x0000000B,0x0B,0x0B,4370,769,3763,2367,1,0B006C1CB212110103
309,PtpNative,Official,0,0x004C,0x0324,0x00,0x00,0x05,50,26514,1,1,26514,1,1,0,0xB21C6E00,0x0000000B,0x0B,0x0B,10514,769,3764,2367,1,0B006E1CB212290103
310,PtpNative,Official,0,0x004C,0x0324,0x00,0x00,0x05,50,26624,1,1,26624,1,1,0,0xB21C6E00,0x0000000B,0x0B,0x0B,11282,769,3764,2367,1,0B006E1CB2122C0103
311,PtpNative,Official,0,0x004C,0x0324,0x00,0x00,0x05,50,26744,1,1,26744,1,1,0,0xB01C6E00,0x0000000B,0x0B,0x0B,9746,769,3764,2366,1,0B006E1CB012260103
312,PtpNative,Official,0,0x004C,0x0324,0x00,0x00,0x05,50,26854,1,1,26854,1,1,0,0xAE1C6E00,0x0000000B,0x0B,0x0B,1810,769,3764,2365,1,0B006E1CAE12070103
313,PtpNative,Official,0,0x004C,0x0324,0x00,0x00,0x05,50,26964,1,1,26964,1,1,0,0xAE1C6E00,0x0000000B,0x0B,0x0B,58386,768,3764,2365,1,0B006E1CAE12E40003
314,PtpNative,Official,0,0x004C,0x0324,0x00,0x00,0x05,50,27074,1,1,27074,1,1,0,0xAC1C6E00,0x0000000B,0x0B,0x0B,49170,768,3764,2364,1,0B006E1CAC12C00003
315,PtpNative,Official,0,0x004C,0x0324,0x00,0x00,0x05,50,27194,1,1,27194,1,1,0,0xAA1C6E00,0x0000000B,0x0B,0x0B,40978,768,3764,2363,1,0B006E1CAA12A00003
316,PtpNative,Official,0,0x004C,0x0324,0x00,0x00,0x05,50,27304,1,1,27304,1,1,0,0xA81C6E00,0x0000000B,0x0B,0x0B,33810,768,3764,2362,1,0B006E1CA812840003
317,PtpNative,Official,0,0x004C,0x0324,0x00,0x00,0x05,50,27414,1,1,27414,1,1,0,0xA81C7000,0x0000000B,0x0B,0x0B,27666,768,3765,2362,1,0B00701CA8126C0003
318,PtpNative,Official,0,0x004C,0x0324,0x00,0x00,0x05,50,27524,1,1,27524,1,1,0,0xA81C7000,0x0000000B,0x0B,0x0B,22034,768,3765,2362,1,0B00701CA812560003
319,PtpNative,Official,0,0x004C,0x0324,0x00,0x00,0x05,50,27644,1,0,27644,1,0,0,0xA81C7000,0x0000000B,0x0B,0x0B,18450,768,3765,2362,1,0B00701CA812480003
320,PtpNative,Official,0,0x004C,0x0324,0x00,0x00,0x05,50,27754,1,0,27754,1,0,0,0xA81C7000,0x0000000B,0x0B,0x0B,18450,768,3765,2362,1,0B00701CA812480003
321,PtpNative,Official,0,0x004C,0x0324,0x00,0x00,0x05,50,27864,1,0,27864,1,0,0,0xA81C7000,0x0000000B,0x0B,0x0B,18450,768,3765,2362,1,0B00701CA812480003
322,PtpNative,Official,0,0x004C,0x0324,0x00,0x00,0x05,50,27974,1,0,27974,1,0,0,0xA81C7000,0x0000000B,0x0B,0x0B,16402,768,3765,2362,1,0B00701CA812400003
323,PtpNative,Official,0,0x004C,0x0324,0x00,0x00,0x05,50,28094,1,0,28094,1,0,0,0xA81C7000,0x0000000B,0x0B,0x0B,15890,768,3765,2362,1,0B00701CA8123E0003
324,PtpNative,Official,0,0x004C,0x0324,0x00,0x00,0x05,50,28204,1,0,28204,1,0,0,0xAA1C7000,0x0000000B,0x0B,0x0B,15378,768,3765,2363,1,0B00701CAA123C0003
325,PtpNative,Official,0,0x004C,0x0324,0x00,0x00,0x05,50,28314,1,0,28314,1,0,0,0xAA1C7000,0x0000000B,0x0B,0x0B,14866,768,3765,2363,1,0B00701CAA123A0003
326,PtpNative,Official,0,0x004C,0x0324,0x00,0x00,0x05,50,28424,1,0,28424,1,0,0,0xAC1C7200,0x0000000B,0x0B,0x0B,14866,768,3766,2364,1,0B00721CAC123A0003
327,PtpNative,Official,0,0x004C,0x0324,0x00,0x00,0x05,50,28544,1,0,28544,1,0,0,0xAC1C7200,0x0000000B,0x0B,0x0B,15378,768,3766,2364,1,0B00721CAC123C0003
328,PtpNative,Official,0,0x004C,0x0324,0x00,0x00,0x05,50,28654,1,0,28654,1,0,0,0xAE1C7200,0x0000000B,0x0B,0x0B,19986,768,3766,2365,1,0B00721CAE124E0003
329,PtpNative,Official,0,0x004C,0x0324,0x00,0x00,0x05,50,28764,1,0,28764,1,0,0,0xAE1C7200,0x0000000B,0x0B,0x0B,28690,768,3766,2365,1,0B00721CAE12700003
330,PtpNative,Official,0,0x004C,0x0324,0x00,0x00,0x05,50,28874,1,1,28874,1,1,0,0xAE1C7200,0x0000000B,0x0B,0x0B,41490,768,3766,2365,1,0B00721CAE12A20003
331,PtpNative,Official,0,0x004C,0x0324,0x00,0x00,0x05,50,28994,1,1,28994,1,1,0,0xAC1C7000,0x0000000B,0x0B,0x0B,42514,768,3765,2364,1,0B00701CAC12A60003
332,PtpNative,Official,0,0x004C,0x0324,0x00,0x00,0x05,50,29104,1,1,29104,1,1,0,0xAA1C7000,0x0000000B,0x0B,0x0B,56850,768,3765,2363,1,0B00701CAA12DE0003
333,PtpNative,Official,0,0x004C,0x0324,0x00,0x00,0x05,50,29214,1,1,29214,1,1,0,0xA81C7000,0x0000000B,0x0B,0x0B,1298,769,3765,2362,1,0B00701CA812050103
334,PtpNative,Official,0,0x004C,0x0324,0x00,0x00,0x05,50,29324,1,1,29324,1,1,0,0xA41C7000,0x0000000B,0x0B,0x0B,5650,769,3765,2360,1,0B00701CA412160103
335,PtpNative,Official,0,0x004C,0x0324,0x00,0x00,0x05,50,29444,1,1,29444,1,1,0,0xA21C7000,0x0000000B,0x0B,0x0B,5650,769,3765,2359,1,0B00701CA212160103
336,PtpNative,Official,0,0x004C,0x0324,0x00,0x00,0x05,50,29554,1,1,29554,1,1,0,0xA21C7000,0x0000000B,0x0B,0x0B,3090,769,3765,2359,1,0B00701CA2120C0103
337,PtpNative,Official,0,0x004C,0x0324,0x00,0x00,0x05,50,29664,1,1,29664,1,1,0,0xA01C6E00,0x0000000B,0x0B,0x0B,59922,768,3764,2358,1,0B006E1CA012EA0003
338,PtpNative,Official,0,0x004C,0x0324,0x00,0x00,0x05,50,29774,1,1,29774,1,1,0,0xA01C6E00,0x0000000B,0x0B,0x0B,50706,768,3764,2358,1,0B006E1CA012C60003
339,PtpNative,Official,0,0x004C,0x0324,0x00,0x00,0x05,50,29894,1,1,29894,1,1,0,0x9E1C7000,0x0000000B,0x0B,0x0B,41490,768,3765,2357,1,0B00701C9E12A20003
340,PtpNative,Official,0,0x004C,0x0324,0x00,0x00,0x05,50,30004,1,1,30004,1,1,0,0x9E1C7000,0x0000000B,0x0B,0x0B,33298,768,3765,2357,1,0B00701C9E12820003
341,PtpNative,Official,0,0x004C,0x0324,0x00,0x00,0x05,50,30114,1,1,30114,1,1,0,0x9E1C7200,0x0000000B,0x0B,0x0B,26130,768,3766,2357,1,0B00721C9E12660003
342,PtpNative,Official,0,0x004C,0x0324,0x00,0x00,0x05,50,30224,1,1,30224,1,1,0,0x9E1C7400,0x0000000B,0x0B,0x0B,19986,768,3767,2357,1,0B00741C9E124E0003
343,PtpNative,Official,0,0x004C,0x0324,0x00,0x00,0x05,50,30344,1,0,30344,1,0,0,0x9C1C7400,0x0000000B,0x0B,0x0B,15890,768,3767,2356,1,0B00741C9C123E0003
344,PtpNative,Official,0,0x004C,0x0324,0x00,0x00,0x05,50,30454,1,0,30454,1,0,0,0x9C1C7600,0x0000000B,0x0B,0x0B,15890,768,3768,2356,1,0B00761C9C123E0003
345,PtpNative,Official,0,0x004C,0x0324,0x00,0x00,0x05,50,30564,1,0,30564,1,0,0,0x9E1C7600,0x0000000B,0x0B,0x0B,15890,768,3768,2357,1,0B00761C9E123E0003
346,PtpNative,Official,0,0x004C,0x0324,0x00,0x00,0x05,50,30674,1,0,30674,1,0,0,0x9E1C7800,0x0000000B,0x0B,0x0B,12818,768,3769,2357,1,0B00781C9E12320003
347,PtpNative,Official,0,0x004C,0x0324,0x00,0x00,0x05,50,30794,1,0,30794,1,0,0,0xA01C7A00,0x0000000B,0x0B,0x0B,10770,768,3770,2358,1,0B007A1CA0122A0003
348,PtpNative,Official,0,0x004C,0x0324,0x00,0x00,0x05,50,30904,1,0,30904,1,0,0,0xA01C7A00,0x0000000B,0x0B,0x0B,10258,768,3770,2358,1,0B007A1CA012280003
349,PtpNative,Official,0,0x004C,0x0324,0x00,0x00,0x05,50,31014,1,0,31014,1,0,0,0xA21C7C00,0x0000000B,0x0B,0x0B,9746,768,3771,2359,1,0B007C1CA212260003
350,PtpNative,Official,0,0x004C,0x0324,0x00,0x00,0x05,50,31124,1,0,31124,1,0,0,0xA21C7C00,0x0000000B,0x0B,0x0B,9746,768,3771,2359,1,0B007C1CA212260003
351,PtpNative,Official,0,0x004C,0x0324,0x00,0x00,0x05,50,31244,1,0,31244,1,0,0,0xA41C7C00,0x0000000B,0x0B,0x0B,9746,768,3771,2360,1,0B007C1CA412260003
352,PtpNative,Official,0,0x004C,0x0324,0x00,0x00,0x05,50,31354,1,0,31354,1,0,0,0xA81C7C00,0x0000000B,0x0B,0x0B,10258,768,3771,2362,1,0B007C1CA812280003
353,PtpNative,Official,0,0x004C,0x0324,0x00,0x00,0x05,50,31464,1,0,31464,1,0,0,0xAA1C7C00,0x0000000B,0x0B,0x0B,11794,768,3771,2363,1,0B007C1CAA122E0003
354,PtpNative,Official,0,0x004C,0x0324,0x00,0x00,0x05,50,31574,1,0,31574,1,0,0,0xAC1C7E00,0x0000000B,0x0B,0x0B,15890,768,3772,2364,1,0B007E1CAC123E0003
355,PtpNative,Official,0,0x004C,0x0324,0x00,0x00,0x05,50,31694,1,0,31694,1,0,0,0xAE1C7C00,0x0000000B,0x0B,0x0B,22034,768,3771,2365,1,0B007C1CAE12560003
356,PtpNative,Official,0,0x004C,0x0324,0x00,0x00,0x05,50,31804,1,0,31804,1,0,0,0xB01C7C00,0x0000000B,0x0B,0x0B,31250,768,3771,2366,1,0B007C1CB0127A0003
357,PtpNative,Official,0,0x004C,0x0324,0x00,0x00,0x05,50,31914,1,1,31914,1,1,0,0xB01C7A00,0x0000000B,0x0B,0x0B,44050,768,3770,2366,1,0B007A1CB012AC0003
358,PtpNative,Official,0,0x004C,0x0324,0x00,0x00,0x05,50,32024,1,1,32024,1,1,0,0xB01C7800,0x0000000B,0x0B,0x0B,45586,768,3769,2366,1,0B00781CB012B20003
359,PtpNative,Official,0,0x004C,0x0324,0x00,0x00,0x05,50,32144,1,1,32144,1,1,0,0xAE1C7600,0x0000000B,0x0B,0x0B,60946,768,3768,2365,1,0B00761CAE12EE0003
360,PtpNative,Official,0,0x004C,0x0324,0x00,0x00,0x05,50,32254,1,1,32254,1,1,0,0xAC1C7400,0x0000000B,0x0B,0x0B,5650,769,3767,2364,1,0B00741CAC12160103
361,PtpNative,Official,0,0x004C,0x0324,0x00,0x00,0x05,50,32364,1,1,32364,1,1,0,0xAA1C7400,0x0000000B,0x0B,0x0B,10514,769,3767,2363,1,0B00741CAA12290103
362,PtpNative,Official,0,0x004C,0x0324,0x00,0x00,0x05,50,32474,1,1,32474,1,1,0,0xA81C7400,0x0000000B,0x0B,0x0B,17170,769,3767,2362,1,0B00741CA812430103
363,PtpNative,Official,0,0x004C,0x0324,0x00,0x00,0x05,50,32594,1,1,32594,1,1,0,0xA61C7400,0x0000000B,0x0B,0x0B,7698,769,3767,2361,1,0B00741CA6121E0103
364,PtpNative,Official,0,0x004C,0x0324,0x00,0x00,0x05,50,32704,1,1,32704,1,1,0,0xA61C7400,0x0000000B,0x0B,0x0B,64530,768,3767,2361,1,0B00741CA612FC0003
365,PtpNative,Official,0,0x004C,0x0324,0x00,0x00,0x05,50,32814,1,1,32814,1,1,0,0xA41C7400,0x0000000B,0x0B,0x0B,54802,768,3767,2360,1,0B00741CA412D60003
366,PtpNative,Official,0,0x004C,0x0324,0x00,0x00,0x05,50,32924,1,1,32924,1,1,0,0xA41C7600,0x0000000B,0x0B,0x0B,45074,768,3768,2360,1,0B00761CA412B00003
367,PtpNative,Official,0,0x004C,0x0324,0x00,0x00,0x05,50,33044,1,1,33044,1,1,0,0xA21C7600,0x0000000B,0x0B,0x0B,36882,768,3768,2359,1,0B00761CA212900003
368,PtpNative,Official,0,0x004C,0x0324,0x00,0x00,0x05,50,33154,1,1,33154,1,1,0,0xA21C7600,0x0000000B,0x0B,0x0B,30226,768,3768,2359,1,0B00761CA212760003
369,PtpNative,Official,0,0x004C,0x0324,0x00,0x00,0x05,50,33264,1,1,33264,1,1,0,0xA21C7600,0x0000000B,0x0B,0x0B,24594,768,3768,2359,1,0B00761CA212600003
370,PtpNative,Official,0,0x004C,0x0324,0x00,0x00,0x05,50,33374,1,1,33374,1,1,0,0xA21C7800,0x0000000B,0x0B,0x0B,19986,768,3769,2359,1,0B00781CA2124E0003
371,PtpNative,Official,0,0x004C,0x0324,0x00,0x00,0x05,50,33494,1,0,33494,1,0,0,0xA41C7800,0x0000000B,0x0B,0x0B,17426,768,3769,2360,1,0B00781CA412440003
372,PtpNative,Official,0,0x004C,0x0324,0x00,0x00,0x05,50,33604,1,0,33604,1,0,0,0xA61C7600,0x0000000B,0x0B,0x0B,17426,768,3768,2361,1,0B00761CA612440003
373,PtpNative,Official,0,0x004C,0x0324,0x00,0x00,0x05,50,33714,1,0,33714,1,0,0,0xA81C7600,0x0000000B,0x0B,0x0B,17426,768,3768,2362,1,0B00761CA812440003
374,PtpNative,Official,0,0x004C,0x0324,0x00,0x00,0x05,50,33824,1,0,33824,1,0,0,0xA81C7600,0x0000000B,0x0B,0x0B,15890,768,3768,2362,1,0B00761CA8123E0003
375,PtpNative,Official,0,0x004C,0x0324,0x00,0x00,0x05,50,33944,1,0,33944,1,0,0,0xAA1C7600,0x0000000B,0x0B,0x0B,14866,768,3768,2363,1,0B00761CAA123A0003
376,PtpNative,Official,0,0x004C,0x0324,0x00,0x00,0x05,50,34054,1,0,34054,1,0,0,0xAC1C7600,0x0000000B,0x0B,0x0B,11282,768,3768,2364,1,0B00761CAC122C0003
377,PtpNative,Official,0,0x004C,0x0324,0x00,0x00,0x05,50,34164,1,0,34164,1,0,0,0xAE1C7600,0x0000000B,0x0B,0x0B,9234,768,3768,2365,1,0B00761CAE12240003
378,PtpNative,Official,0,0x004C,0x0324,0x00,0x00,0x05,50,34274,1,0,34274,1,0,0,0xB01C7400,0x0000000B,0x0B,0x0B,8210,768,3767,2366,1,0B00741CB012200003
379,PtpNative,Official,0,0x004C,0x0324,0x00,0x00,0x05,50,34394,1,0,34394,1,0,0,0xB01C7400,0x0000000B,0x0B,0x0B,10770,768,3767,2366,1,0B00741CB0122A0003
380,PtpNative,Official,0,0x004C,0x0324,0x00,0x00,0x05,50,34504,1,0,34504,1,0,0,0xB21C7600,0x0000000B,0x0B,0x0B,15378,768,3768,2367,1,0B00761CB2123C0003
381,PtpNative,Official,0,0x004C,0x0324,0x00,0x00,0x05,50,34614,1,0,34614,1,0,0,0xB41C7600,0x0000000B,0x0B,0x0B,24594,768,3768,2368,1,0B00761CB412600003
382,PtpNative,Official,0,0x004C,0x0324,0x00,0x00,0x05,50,34724,1,1,34724,1,1,0,0xB21C7400,0x0000000B,0x0B,0x0B,36370,768,3767,2367,1,0B00741CB2128E0003
383,PtpNative,Official,0,0x004C,0x0324,0x00,0x00,0x05,50,34844,1,1,34844,1,1,0,0xB21C7400,0x0000000B,0x0B,0x0B,37906,768,3767,2367,1,0B00741CB212940003
384,PtpNative,Official,0,0x004C,0x0324,0x00,0x00,0x05,50,34954,1,1,34954,1,1,0,0xB01C7200,0x0000000B,0x0B,0x0B,52754,768,3766,2366,1,0B00721CB012CE0003
385,PtpNative,Official,0,0x004C,0x0324,0x00,0x00,0x05,50,35064,1,1,35064,1,1,0,0xAE1C7200,0x0000000B,0x0B,0x0B,63506,768,3766,2365,1,0B00721CAE12F80003
386,PtpNative,Official,0,0x004C,0x0324,0x00,0x00,0x05,50,35174,1,1,35174,1,1,0,0xAC1C7000,0x0000000B,0x0B,0x0B,3090,769,3765,2364,1,0B00701CAC120C0103
387,PtpNative,Official,0,0x004C,0x0324,0x00,0x00,0x05,50,35294,1,1,35294,1,1,0,0xAA1C7000,0x0000000B,0x0B,0x0B,3602,769,3765,2363,1,0B00701CAA120E0103
388,PtpNative,Official,0,0x004C,0x0324,0x00,0x00,0x05,50,35404,1,1,35404,1,1,0,0xAA1C7000,0x0000000B,0x0B,0x0B,1810,769,3765,2363,1,0B00701CAA12070103
389,PtpNative,Official,0,0x004C,0x0324,0x00,0x00,0x05,50,35514,1,1,35514,1,1,0,0xAA1C7000,0x0000000B,0x0B,0x0B,59922,768,3765,2363,1,0B00701CAA12EA0003
390,PtpNative,Official,0,0x004C,0x0324,0x00,0x00,0x05,50,35624,1,1,35624,1,1,0,0xA81C7000,0x0000000B,0x0B,0x0B,50706,768,3765,2362,1,0B00701CA812C60003
391,PtpNative,Official,0,0x004C,0x0324,0x00,0x00,0x05,50,35744,1,1,35744,1,1,0,0xA81C7000,0x0000000B,0x0B,0x0B,42002,768,3765,2362,1,0B00701CA812A40003
392,PtpNative,Official,0,0x004C,0x0324,0x00,0x00,0x05,50,35854,1,1,35854,1,1,0,0xA61C7200,0x0000000B,0x0B,0x0B,33298,768,3766,2361,1,0B00721CA612820003
393,PtpNative,Official,0,0x004C,0x0324,0x00,0x00,0x05,50,35964,1,1,35964,1,1,0,0xA61C7600,0x0000000B,0x0B,0x0B,25618,768,3768,2361,1,0B00761CA612640003
394,PtpNative,Official,0,0x004C,0x0324,0x00,0x00,0x05,50,36074,1,1,36074,1,1,0,0xA81C7A00,0x0000000B,0x0B,0x0B,19986,768,3770,2362,1,0B007A1CA8124E0003
395,PtpNative,Official,0,0x004C,0x0324,0x00,0x00,0x05,50,36194,1,0,36194,1,0,0,0xAA1C7C00,0x0000000B,0x0B,0x0B,14866,768,3771,2363,1,0B007C1CAA123A0003
396,PtpNative,Official,0,0x004C,0x0324,0x00,0x00,0x05,50,36304,1,0,36304,1,0,0,0xAA1C7C00,0x0000000B,0x0B,0x0B,14866,768,3771,2363,1,0B007C1CAA123A0003
397,PtpNative,Official,0,0x004C,0x0324,0x00,0x00,0x05,50,36414,1,0,36414,1,0,0,0xAC1C7E00,0x0000000B,0x0B,0x0B,14866,768,3772,2364,1,0B007E1CAC123A0003
398,PtpNative,Official,0,0x004C,0x0324,0x00,0x00,0x05,50,36524,1,0,36524,1,0,0,0xAC1C8000,0x0000000B,0x0B,0x0B,14354,768,3773,2364,1,0B00801CAC12380003
399,PtpNative,Official,0,0x004C,0x0324,0x00,0x00,0x05,50,36644,1,0,36644,1,0,0,0xAE1C8200,0x0000000B,0x0B,0x0B,11282,768,3774,2365,1,0B00821CAE122C0003
400,PtpNative,Official,0,0x004C,0x0324,0x00,0x00,0x05,50,36754,1,0,36754,1,0,0,0xAC1C8200,0x0000000B,0x0B,0x0B,8722,768,3774,2364,1,0B00821CAC12220003
401,PtpNative,Official,0,0x004C,0x0324,0x00,0x00,0x05,50,36864,1,0,36864,1,0,0,0xAE1C8200,0x0000000B,0x0B,0x0B,7186,768,3774,2365,1,0B00821CAE121C0003
402,PtpNative,Official,0,0x004C,0x0324,0x00,0x00,0x05,50,36974,1,0,36974,1,0,0,0xAE1C8000,0x0000000B,0x0B,0x0B,7186,768,3773,2365,1,0B00801CAE121C0003
403,PtpNative,Official,0,0x004C,0x0324,0x00,0x00,0x05,50,37094,1,0,37094,1,0,0,0xAE1C8000,0x0000000B,0x0B,0x0B,8210,768,3773,2365,1,0B00801CAE12200003
404,PtpNative,Official,0,0x004C,0x0324,0x00,0x00,0x05,50,37204,1,0,37204,1,0,0,0xB01C8000,0x0000000B,0x0B,0x0B,9746,768,3773,2366,1,0B00801CB012260003
405,PtpNative,Official,0,0x004C,0x0324,0x00,0x00,0x05,50,37314,1,0,37314,1,0,0,0xB21C8000,0x0000000B,0x0B,0x0B,12818,768,3773,2367,1,0B00801CB212320003
406,PtpNative,Official,0,0x004C,0x0324,0x00,0x00,0x05,50,37424,1,0,37424,1,0,0,0xB41C7E00,0x0000000B,0x0B,0x0B,16914,768,3772,2368,1,0B007E1CB412420003
407,PtpNative,Official,0,0x004C,0x0324,0x00,0x00,0x05,50,37544,1,0,37544,1,0,0,0xB41C7E00,0x0000000B,0x0B,0x0B,23570,768,3772,2368,1,0B007E1CB4125C0003
408,PtpNative,Official,0,0x004C,0x0324,0x00,0x00,0x05,50,37654,1,0,37654,1,0,0,0xB41C7E00,0x0000000B,0x0B,0x0B,31762,768,3772,2368,1,0B007E1CB4127C0003
409,PtpNative,Official,0,0x004C,0x0324,0x00,0x00,0x05,50,37764,1,1,37764,1,1,0,0xB41C7C00,0x0000000B,0x0B,0x0B,41490,768,3771,2368,1,0B007C1CB412A20003
410,PtpNative,Official,0,0x004C,0x0324,0x00,0x00,0x05,50,37874,1,1,37874,1,1,0,0xB21C7C00,0x0000000B,0x0B,0x0B,41490,768,3771,2367,1,0B007C1CB212A20003
411,PtpNative,Official,0,0x004C,0x0324,0x00,0x00,0x05,50,37994,1,1,37994,1,1,0,0xB01C7A00,0x0000000B,0x0B,0x0B,51218,768,3770,2366,1,0B007A1CB012C80003
412,PtpNative,Official,0,0x004C,0x0324,0x00,0x00,0x05,50,38104,1,1,38104,1,1,0,0xAE1C7A00,0x0000000B,0x0B,0x0B,59922,768,3770,2365,1,0B007A1CAE12EA0003
413,PtpNative,Official,0,0x004C,0x0324,0x00,0x00,0x05,50,38214,1,1,38214,1,1,0,0xAC1C7A00,0x0000000B,0x0B,0x0B,65042,768,3770,2364,1,0B007A1CAC12FE0003
414,PtpNative,Official,0,0x004C,0x0324,0x00,0x00,0x05,50,38324,1,1,38324,1,1,0,0xAA1C7A00,0x0000000B,0x0B,0x0B,65298,768,3770,2363,1,0B007A1CAA12FF0003
415,PtpNative,Official,0,0x004C,0x0324,0x00,0x00,0x05,50,38444,1,1,38444,1,1,0,0xA81C7A00,0x0000000B,0x0B,0x0B,64018,768,3770,2362,1,0B007A1CA812FA0003
416,PtpNative,Official,0,0x004C,0x0324,0x00,0x00,0x05,50,38554,1,1,38554,1,1,0,0xA81C7A00,0x0000000B,0x0B,0x0B,56850,768,3770,2362,1,0B007A1CA812DE0003
417,PtpNative,Official,0,0x004C,0x0324,0x00,0x00,0x05,50,38664,1,1,38664,1,1,0,0xA81C7C00,0x0000000B,0x0B,0x0B,48658,768,3771,2362,1,0B007C1CA812BE0003
418,PtpNative,Official,0,0x004C,0x0324,0x00,0x00,0x05,50,38774,1,1,38774,1,1,0,0xA81C7C00,0x0000000B,0x0B,0x0B,40466,768,3771,2362,1,0B007C1CA8129E0003
419,PtpNative,Official,0,0x004C,0x0324,0x00,0x00,0x05,50,38894,1,1,38894,1,1,0,0xA81C7C00,0x0000000B,0x0B,0x0B,32786,768,3771,2362,1,0B007C1CA812800003
420,PtpNative,Official,0,0x004C,0x0324,0x00,0x00,0x05,50,39004,1,1,39004,1,1,0,0xA81C7E00,0x0000000B,0x0B,0x0B,25618,768,3772,2362,1,0B007E1CA812640003
421,PtpNative,Official,0,0x004C,0x0324,0x00,0x00,0x05,50,39114,1,0,39114,1,0,0,0xAA1C8000,0x0000000B,0x0B,0x0B,19474,768,3773,2363,1,0B00801CAA124C0003
422,PtpNative,Official,0,0x004C,0x0324,0x00,0x00,0x05,50,39224,1,0,39224,1,0,0,0xAC1C8200,0x0000000B,0x0B,0x0B,19474,768,3774,2364,1,0B00821CAC124C0003
423,PtpNative,Official,0,0x004C,0x0324,0x00,0x00,0x05,50,39344,1,0,39344,1,0,0,0xAE1C8200,0x0000000B,0x0B,0x0B,19474,768,3774,2365,1,0B00821CAE124C0003
424,PtpNative,Official,0,0x004C,0x0324,0x00,0x00,0x05,50,39454,1,0,39454,1,0,0,0xAE1C8200,0x0000000B,0x0B,0x0B,14354,768,3774,2365,1,0B00821CAE12380003
425,PtpNative,Official,0,0x004C,0x0324,0x00,0x00,0x05,50,39564,1,0,39564,1,0,0,0xAC1C8200,0x0000000B,0x0B,0x0B,10258,768,3774,2364,1,0B00821CAC12280003
426,PtpNative,Official,0,0x004C,0x0324,0x00,0x00,0x05,50,39674,1,0,39674,1,0,0,0xAC1C8400,0x0000000B,0x0B,0x0B,7698,768,3775,2364,1,0B00841CAC121E0003
427,PtpNative,Official,0,0x004C,0x0324,0x00,0x00,0x05,50,39794,1,0,39794,1,0,0,0xAA1C8400,0x0000000B,0x0B,0x0B,6162,768,3775,2363,1,0B00841CAA12180003
428,PtpNative,Official,0,0x004C,0x0324,0x00,0x00,0x05,50,39904,1,0,39904,1,0,0,0xAA1C8400,0x0000000B,0x0B,0x0B,6162,768,3775,2363,1,0B00841CAA12180003
429,PtpNative,Official,0,0x004C,0x0324,0x00,0x00,0x05,50,40014,1,0,40014,1,0,0,0xAA1C8400,0x0000000B,0x0B,0x0B,6162,768,3775,2363,1,0B00841CAA12180003
430,PtpNative,Official,0,0x004C,0x0324,0x00,0x00,0x05,50,40124,1,0,40124,1,0,0,0xAA1C8400,0x0000000B,0x0B,0x0B,7186,768,3775,2363,1,0B00841CAA121C0003
431,PtpNative,Official,0,0x004C,0x0324,0x00,0x00,0x05,50,40244,1,0,40244,1,0,0,0xAA1C8200,0x0000000B,0x0B,0x0B,10770,768,3774,2363,1,0B00821CAA122A0003
432,PtpNative,Official,0,0x004C,0x0324,0x00,0x00,0x05,50,40354,1,0,40354,1,0,0,0xAA1C8200,0x0000000B,0x0B,0x0B,14866,768,3774,2363,1,0B00821CAA123A0003
433,PtpNative,Official,0,0x004C,0x0324,0x00,0x00,0x05,50,40464,1,0,40464,1,0,0,0xAC1C8000,0x0000000B,0x0B,0x0B,20498,768,3773,2364,1,0B00801CAC12500003
434,PtpNative,Official,0,0x004C,0x0324,0x00,0x00,0x05,50,40574,1,0,40574,1,0,0,0xAC1C7E00,0x0000000B,0x0B,0x0B,28690,768,3772,2364,1,0B007E1CAC12700003
435,PtpNative,Official,0,0x004C,0x0324,0x00,0x00,0x05,50,40694,1,1,40694,1,1,0,0xAC1C7C00,0x0000000B,0x0B,0x0B,40466,768,3771,2364,1,0B007C1CAC129E0003
436,PtpNative,Official,0,0x004C,0x0324,0x00,0x00,0x05,50,40804,1,1,40804,1,1,0,0xA81C7A00,0x0000000B,0x0B,0x0B,42514,768,3770,2362,1,0B007A1CA812A60003
437,PtpNative,Official,0,0x004C,0x0324,0x00,0x00,0x05,50,40914,1,1,40914,1,1,0,0xA61C7800,0x0000000B,0x0B,0x0B,58898,768,3769,2361,1,0B00781CA612E60003
438,PtpNative,Official,0,0x004C,0x0324,0x00,0x00,0x05,50,41024,1,1,41024,1,1,0,0xA41C7600,0x0000000B,0x0B,0x0B,6162,769,3768,2360,1,0B00761CA412180103
439,PtpNative,Official,0,0x004C,0x0324,0x00,0x00,0x05,50,41144,1,1,41144,1,1,0,0xA01C7200,0x0000000B,0x0B,0x0B,13842,769,3766,2358,1,0B00721CA012360103
440,PtpNative,Official,0,0x004C,0x0324,0x00,0x00,0x05,50,41254,1,1,41254,1,1,0,0x9C1C7000,0x0000000B,0x0B,0x0B,14610,769,3765,2356,1,0B00701C9C12390103
441,PtpNative,Official,0,0x004C,0x0324,0x00,0x00,0x05,50,41364,1,1,41364,1,1,0,0x9A1C7000,0x0000000B,0x0B,0x0B,13074,769,3765,2355,1,0B00701C9A12330103
442,PtpNative,Official,0,0x004C,0x0324,0x00,0x00,0x05,50,41474,1,1,41474,1,1,0,0x981C6E00,0x0000000B,0x0B,0x0B,4370,769,3764,2354,1,0B006E1C9812110103
443,PtpNative,Official,0,0x004C,0x0324,0x00,0x00,0x05,50,41594,1,1,41594,1,1,0,0x981C6E00,0x0000000B,0x0B,0x0B,60434,768,3764,2354,1,0B006E1C9812EC0003
444,PtpNative,Official,0,0x004C,0x0324,0x00,0x00,0x05,50,41704,1,1,41704,1,1,0,0x961C7000,0x0000000B,0x0B,0x0B,50194,768,3765,2353,1,0B00701C9612C40003
445,PtpNative,Official,0,0x004C,0x0324,0x00,0x00,0x05,50,41814,1,1,41814,1,1,0,0x961C7000,0x0000000B,0x0B,0x0B,40978,768,3765,2353,1,0B00701C9612A00003
446,PtpNative,Official,0,0x004C,0x0324,0x00,0x00,0x05,50,41924,1,1,41924,1,1,0,0x961C7200,0x0000000B,0x0B,0x0B,31762,768,3766,2353,1,0B00721C96127C0003
447,PtpNative,Official,0,0x004C,0x0324,0x00,0x00,0x05,50,42044,1,1,42044,1,1,0,0x981C7400,0x0000000B,0x0B,0x0B,23570,768,3767,2354,1,0B00741C98125C0003
448,PtpNative,Official,0,0x004C,0x0324,0x00,0x00,0x05,50,42154,1,0,42154,1,0,0,0x981C7600,0x0000000B,0x0B,0x0B,17426,768,3768,2354,1,0B00761C9812440003
449,PtpNative,Official,0,0x004C,0x0324,0x00,0x00,0x05,50,42264,1,0,42264,1,0,0,0x9A1C7A00,0x0000000B,0x0B,0x0B,17426,768,3770,2355,1,0B007A1C9A12440003
450,PtpNative,Official,0,0x004C,0x0324,0x00,0x00,0x05,50,42374,1,0,42374,1,0,0,0x9C1C7C00,0x0000000B,0x0B,0x0B,17426,768,3771,2356,1,0B007C1C9C12440003
451,PtpNative,Official,0,0x004C,0x0324,0x00,0x00,0x05,50,42494,1,0,42494,1,0,0,0x9E1C8000,0x0000000B,0x0B,0x0B,12818,768,3773,2357,1,0B00801C9E12320003
452,PtpNative,Official,0,0x004C,0x0324,0x00,0x00,0x05,50,42604,1,0,42604,1,0,0,0x9E1C8200,0x0000000B,0x0B,0x0B,8210,768,3774,2357,1,0B00821C9E12200003
453,PtpNative,Official,0,0x004C,0x0324,0x00,0x00,0x05,50,42714,1,0,42714,1,0,0,0xA01C8600,0x0000000B,0x0B,0x0B,4626,768,3776,2358,1,0B00861CA012120003
454,PtpNative,Official,0,0x004C,0x0324,0x00,0x00,0x05,50,42824,1,0,42824,1,0,0,0xA21C8800,0x0000000B,0x0B,0x0B,2578,768,3777,2359,1,0B00881CA2120A0003
455,PtpNative,Official,0,0x004C,0x0324,0x00,0x00,0x05,50,42944,1,0,42944,1,0,0,0xA41C8A00,0x0000000B,0x0B,0x0B,2578,768,3778,2360,1,0B008A1CA4120A0003
456,PtpNative,Official,0,0x004C,0x0324,0x00,0x00,0x05,50,43054,1,0,43054,1,0,0,0xA41C8C00,0x0000000B,0x0B,0x0B,4626,768,3779,2360,1,0B008C1CA412120003
457,PtpNative,Official,0,0x004C,0x0324,0x00,0x00,0x05,50,43164,1,0,43164,1,0,0,0xA41C8C00,0x0000000B,0x0B,0x0B,10770,768,3779,2360,1,0B008C1CA4122A0003
458,PtpNative,Official,0,0x004C,0x0324,0x00,0x00,0x05,50,43274,1,0,43274,1,0,0,0xA61C8A00,0x0000000B,0x0B,0x0B,22034,768,3778,2361,1,0B008A1CA612560003
459,PtpNative,Official,0,0x004C,0x0324,0x00,0x00,0x05,50,43394,1,1,43394,1,1,0,0xA81C8800,0x0000000B,0x0B,0x0B,37394,768,3777,2362,1,0B00881CA812920003
460,PtpNative,Official,0,0x004C,0x0324,0x00,0x00,0x05,50,43504,1,1,43504,1,1,0,0xAA1C8400,0x0000000B,0x0B,0x0B,42002,768,3775,2363,1,0B00841CAA12A40003
461,PtpNative,Official,0,0x004C,0x0324,0x00,0x00,0x05,50,43614,1,1,43614,1,1,0,0xAA1C8200,0x0000000B,0x0B,0x0B,60434,768,3774,2363,1,0B00821CAA12EC0003
462,PtpNative,Official,0,0x004C,0x0324,0x00,0x00,0x05,50,43724,1,1,43724,1,1,0,0xA81C7E00,0x0000000B,0x0B,0x0B,7698,769,3772,2362,1,0B007E1CA8121E0103
463,PtpNative,Official,0,0x004C,0x0324,0x00,0x00,0x05,50,43844,1,1,43844,1,1,0,0xA61C7E00,0x0000000B,0x0B,0x0B,13074,769,3772,2361,1,0B007E1CA612330103
464,PtpNative,Official,0,0x004C,0x0324,0x00,0x00,0x05,50,43954,1,1,43954,1,1,0,0xA21C7C00,0x0000000B,0x0B,0x0B,19986,769,3771,2359,1,0B007C1CA2124E0103
465,PtpNative,Official,0,0x004C,0x0324,0x00,0x00,0x05,50,44064,1,1,44064,1,1,0,0xA01C7A00,0x0000000B,0x0B,0x0B,8978,769,3770,2358,1,0B007A1CA012230103
466,PtpNative,Official,0,0x004C,0x0324,0x00,0x00,0x05,50,44174,1,1,44174,1,1,0,0x9C1C7A00,0x0000000B,0x0B,0x0B,64530,768,3770,2356,1,0B007A1C9C12FC0003
467,PtpNative,Official,0,0x004C,0x0324,0x00,0x00,0x05,50,44294,1,1,44294,1,1,0,0x9A1C7A00,0x0000000B,0x0B,0x0B,52242,768,3770,2355,1,0B007A1C9A12CC0003
468,PtpNative,Official,0,0x004C,0x0324,0x00,0x00,0x05,50,44404,1,1,44404,1,1,0,0x981C7A00,0x0000000B,0x0B,0x0B,38930,768,3770,2354,1,0B007A1C9812980003
469,PtpNative,Official,0,0x004C,0x0324,0x00,0x00,0x05,50,44514,1,1,44514,1,1,0,0x981C7E00,0x0000000B,0x0B,0x0B,23570,768,3772,2354,1,0B007E1C98125C0003
470,PtpNative,Official,0,0x004C,0x0324,0x00,0x00,0x05,50,44624,1,0,44624,1,0,0,0x9A1C8400,0x0000000B,0x0B,0x0B,9234,768,3775,2355,1,0B00841C9A12240003
471,PtpNative,Official,0,0x004C,0x0324,0x00,0x00,0x05,50,44744,1,0,44744,1,0,0,0xA21C8A00,0x0000000B,0x0B,0x0B,9234,768,3778,2359,1,0B008A1CA212240003
472,PtpNative,Official,0,0x004C,0x0324,0x00,0x00,0x05,50,44854,1,0,44854,1,0,0,0xA21C8A00,0x0000000B,0x0B,0x0B,18,256,3778,2359,1,0B008A1CA212000001
